id,max_zT,T_for_(max_zT),max_power_density,I_for_(max_power_density),max_efficiency,I_for_(max_efficiency),num_Seebeck_samples,num_elec_resi_samples,num_thrm_cond_samples
1,1.675119937399933,817.552,18.105783666826422,2.9221672080414236,13.872598158232865,2.5821147739188945,22,22,19
2,2.3674410620961264,915.035,23.209808521530725,3.5101018124849714,15.859016590978667,2.9600525809593417,18,18,14
4,1.4530071236235838,1199.78,108.81501278812978,12.696715233213057,15.297389036959693,11.132350700986539,19,19,19
5,2.304977492464049,713.343,12.412367931445576,4.207099830219034,12.525964929101384,3.450700825976804,37,34,41
6,2.131736460937681,997.478,5.585628096711638,1.1417439012170325,10.551067255631828,1.0045280690564513,15,15,15
7,1.4623635496883607,762.9501416141615,9.604928363898383,1.5382457066446538,10.75526467168812,1.3443223605242933,33,32,12
8,2.014091962852314,772.005,14.78228946054105,-2.2769099601232043,14.230777514773314,-1.9099629108981298,52,47,10
9,1.2344483398006916,360.1122739273928,2.686901387472345,1.4481479034758113,8.392811130877451,1.1887749268585044,17,17,5
10,1.7169106731907182,810.0818696869687,19.50904631651291,3.3114152260352214,13.83479587616217,2.865145543389209,14,14,14
11,1.339177033906088,781.9178210821082,15.464021427757737,-3.2107349836755006,10.948297764129258,-2.883847741901804,26,26,14
12,1.8494773655650776,327.4828536853685,2.0429377002262457,0.9713338246179217,9.157202569319782,0.7801628603327019,8,8,8
13,1.0594429879548928,616.0181472147215,5.185617302019144,1.595899816390574,8.247236230836387,1.4222651763978906,20,14,8
14,1.0387420079961556,396.7526101210121,3.3213665253545486,-1.6504721244594234,8.525198600669954,-1.3835982554914728,10,10,10
15,1.3438911669163567,660.899,14.62874242030827,-4.05867688790927,10.947637521057445,-3.4336218867716615,22,42,19
16,1.0932763814306357,478.233702670267,3.9745013817787336,-1.9081117790189723,8.902176761006194,-1.6004026032441916,11,11,11
17,1.778718031615034,825.2967676767677,17.07643535780187,3.7009972522641794,12.71101156138327,3.20195050630391,23,23,23
18,1.5523725143616294,750.0,12.861633440484102,3.006520070697526,10.383879630631707,2.6718809579104756,19,19,19
19,1.4277315976326075,375.27446224622463,3.7991953715772606,1.5913136011450195,9.910791251625177,1.3058918109218913,10,10,10
20,1.5968119783683339,686.6862370237025,0.22931659596888307,-0.035341926807453836,0.7143656558009215,-0.03491899518098905,9,9,9
23,1.9372875520956327,758.673,10.786964378574819,2.409699314031998,11.619016658571377,2.0985864413258453,10,10,10
25,1.097636589145992,931.241,7.374888836938646,1.4110112268707506,7.526195606574958,1.3130455347958911,26,26,26
26,1.019555292924092,928.402,6.2751205485899995,1.097788999713981,8.203028603247382,1.0107804961899811,26,26,26
27,2.7154649401558024,841.8711404140415,2.509189350451397,0.1548450443856759,7.105522155895348,0.14331337613074607,15,15,15
28,2.024534928475136,757.0043158315832,12.07509529035836,1.8855901423896153,16.215628050240138,1.597367864507535,11,11,11
31,0.8522164723525445,504.167,1.2226396142851088,-0.7605405946699595,5.994840934099558,-0.6562078900627569,9,9,9
32,0.858479144344152,409.5145533553355,1.4894441572214487,0.7814340663946251,6.454465092070992,0.6767033562299264,10,10,10
33,0.7456489085276796,454.32726842684264,1.664828529572449,-1.0990601950660706,5.889554744296017,-0.9585086524576156,5,5,5
34,1.8283525726238403,331.3041339333933,2.5486526324895244,1.1133025628472897,10.135258255352218,0.8972195093256592,7,7,7
35,0.5306187055030275,511.756,0.1875063303010781,-0.1567893215756212,3.0503772798422886,-0.14570758668575282,6,6,6
36,1.4065529188690393,386.49788658865884,0.7460609299754734,0.6248453634280738,5.576766783370435,0.4995971856010332,6,6,6
37,1.2245769565552522,343.26319231923196,2.1736781245298076,0.9712122677217936,7.605048984046525,0.8260968137743167,21,21,21
38,1.195241203628949,369.56835463546355,3.957746515820298,-1.752302937413699,8.966857912386427,-1.470276715767967,17,17,6
39,1.460495955716544,322.9348448844884,1.0069487635271188,0.6232934298255947,6.770404393265641,0.5031965041050033,5,5,5
40,0.800230709542311,401.3236081608161,1.6561700376210589,-1.2531791975235325,6.167813841228284,-1.0824457105241072,6,6,6
41,0.7626902668422236,462.0227953795379,0.48349388725889103,-0.43307387681834353,4.126412445739686,-0.3897474704343317,8,8,8
42,1.0047102094055957,444.4974099409941,1.7865242703272357,-1.2353441959757825,7.3694430726827065,-1.0461171398551674,11,21,21
43,1.164850040602867,373.6382835283528,3.088808512141508,1.2013849960359835,8.215823145976763,1.0297268114698874,6,6,6
44,1.2176140227271308,363.7294095409541,2.4989246813438344,1.196598685738575,7.9668751705891205,0.9977716607369823,6,6,6
45,0.24216292333801764,435.27751645164517,0.47942451225873944,-0.4709529634009373,2.1082172647852375,-0.44797073895822304,9,9,9
46,1.0334090598012073,391.5978429242924,3.2775422721039753,-1.469081342331768,8.230985297848132,-1.2509081154471993,10,10,10
47,0.8971600598701134,431.257796579658,2.3257948944418043,-1.6133689827922952,6.759707010845194,-1.3785049394355655,5,5,5
48,0.6060085457850951,436.17609800980097,1.3330055383195791,-0.7664296846317359,5.145390682979033,-0.681713833908725,5,5,5
49,1.17617465282752,459.05521432143223,2.8009273747775296,-1.9155057342572441,8.097521011495171,-1.5807233339491742,5,5,5
50,1.1807607807866771,450.62731593159316,2.7665982148195902,-1.9027587316288015,8.095117442704366,-1.5679468104994074,5,5,5
51,0.9014373503210757,441.4062473247325,2.373132800250451,-1.6443072381144421,6.823380520857858,-1.4030644490471489,5,5,5
52,0.4511365822761591,375.81045922592256,0.4908233774714437,-0.5616388526493479,2.9171840188550617,-0.511317976990801,6,6,6
53,0.9097719421595776,401.2847114711471,2.9263426329137356,-1.4385514453237003,7.71453488486679,-1.2249228550342703,10,10,10
54,0.705288626994367,462.3619772977298,0.8732198526961245,-0.467788415948224,5.339732327733897,-0.4097807786750271,6,6,6
55,1.0951933152820865,344.3609490949095,2.0813825361220126,1.1566378771035197,7.237495812810598,0.9772396529933087,6,6,6
56,0.9581084055732462,317.61121338133813,7.297022509150227,-2.910497841837059,11.891847648094078,-2.6258010233606113,11,11,11
57,1.0461850087572693,337.772,6.430679260052798,3.50426288929367,10.407084667276829,3.2066970082920996,13,10,13
60,0.3127582297511975,299.456,1.249183249647016,-1.0520652362947296,3.6444949864067073,-1.0176181254199652,9,8,6
62,0.6385441478214366,400.0,0.22830751953198108,-0.3052980288603835,3.0321651109260706,-0.27218122967005676,5,5,5
63,1.1437392048712747,331.40203260326035,2.977379439477613,0.9548748191423158,8.008223770711266,0.8411659877157758,7,7,7
64,0.4286751597158677,305.171,0.9574437644274935,-0.4306090547827362,4.33502303061571,-0.41537692641702156,28,28,17
65,1.2714108608616193,363.2443816381638,5.753797134423674,2.469945795561134,8.626001668902928,2.116530595118742,26,26,26
66,1.376219572454614,300.484,1.2990387664869099,0.9848116810376603,6.2578726428869444,0.7974507146969181,13,13,13
67,1.153754499133351,352.47216541654166,3.840000597404665,-1.918769859084729,8.10093969734136,-1.6054443801580318,11,11,11
68,0.7907016557660973,410.80699579957997,0.2719781193458511,-0.35828586212576224,2.886544218102116,-0.3142847654010397,8,8,6
70,0.5227638924372563,453.1516411641165,12.275777603805468,-4.895852271624047,7.568756441414333,-4.544415077880726,18,16,15
71,0.9540616523532378,377.2414815481548,0.5876206768826628,-0.516889244799128,3.90732982360578,-0.445070916564999,11,11,11
72,0.2913857300812325,410.7373762376238,0.4345152245866663,-0.1895360758495636,3.4491460997971317,-0.17857294521252257,36,17,11
73,0.38223192429911346,1047.7,8.640196725064705,-1.978353965183478,2.7668667365700053,-1.9250581594375864,9,9,6
74,0.4796301660184768,428.6094367436744,0.22761437065286158,-0.21499670964457607,3.850850324843701,-0.1956684937516119,18,18,18
75,0.7621969560078774,710.762,1.9340614487950165,0.7848605348987838,7.305592352437768,0.705084866848063,10,10,5
77,1.3144530156698748,724.469,11.58514921015002,-3.796918414977289,10.106291683893419,-3.3605554993310554,10,10,10
78,1.1023613616669854,715.888,9.326849381264513,-2.6616895044412137,9.39444663083098,-2.3918915923205524,10,10,10
79,1.7603187723698852,734.1751728172817,12.036848424946802,2.317410816754973,12.613494445382885,1.9838491625140275,12,12,13
80,1.2969544110898175,687.887,9.317485452607281,2.6507687090350713,7.974451920516948,2.4055186915372806,17,17,17
81,1.0362459234431012,921.774,16.837905805957277,-3.3473448443699683,10.721878298802503,-3.0357569069953727,18,18,26
83,0.7901970190973692,722.169,3.0326645692143916,-0.8853811445516026,5.790965798139263,-0.7848596973602882,10,10,7
84,0.6442313469015276,778.182,7.198526172319394,-2.491088065207661,5.475229281458489,-2.3320619949580377,10,16,12
85,2.256466758274049,911.5713498349836,19.827729726612617,2.843298282598784,17.570710012440696,2.335910073500456,14,14,14
86,0.2708095284061646,299.154,1.7541578585364703,-1.731392637722802,1.9581448998332844,-1.7009719194847506,45,45,45
87,0.6098067307040692,693.1612747274728,5.626694934423466,-2.3423943218887313,5.425206317716422,-2.177218367288274,9,9,9
88,1.052676561801784,733.3119783978398,3.4287181344828603,-0.9807680030131712,7.66924579024065,-0.8774742124974755,13,14,10
89,1.028287878623955,553.1017451745174,4.093437925191763,1.3333903682673576,7.358212447507033,1.182507825968187,7,7,7
90,1.1868972908140647,620.437,1.6470995776432527,-0.3727173346577146,7.637764124153012,-0.3227588354995759,31,35,5
91,1.5256859451128686,700.7386683668367,7.8486122289389035,2.030939638341232,9.2600971369222,1.804926523655605,24,25,9
92,1.5332820095405444,828.333,14.824685403712978,2.9006333116247953,12.520095030885066,2.5363347842981288,28,32,12
93,1.1310226217770294,655.2336666666666,4.859483343426127,1.3609543747341222,7.196847587672199,1.2127718045397087,22,23,8
94,1.8429326127086814,624.074,2.2158565285472696,-0.81139174378377,5.705477522532224,-0.7277740382909806,7,7,7
95,1.104007376378507,722.727,4.499128184145654,-2.020484379785173,7.49183735397451,-1.8267160453217308,9,9,9
96,1.4059372220145026,852.7106120612061,19.306512680259765,-3.4791530602861798,12.855519187636718,-3.087850291988449,23,23,23
97,1.162163288495081,630.3208388838884,6.881956568874616,-1.3651834178643607,12.441501659284194,-1.1898026137886635,6,6,6
98,1.6137350632020333,688.3888449844983,1.2787958224365146,-0.22581045693044793,3.4130536017460127,-0.21335292385060306,9,9,9
99,0.4733161168172299,549.615,3.1983896988085116,2.1035075705441115,3.7073971159718813,1.9694555373760418,6,6,6
100,1.2487595770187105,694.4806759675967,8.94809415024043,1.5735931729153232,10.641061441084258,1.3949728583307088,11,11,11
101,0.9382272153857828,772.283,1.893195604461477,-0.86833384456257,2.7572900618033716,-0.8124250985368845,31,31,7
102,1.4328897364981692,691.4646300630063,6.9815830598763995,1.3083253287320022,11.380541765638812,1.1398364315109708,19,19,19
103,1.5555520444228161,749.865,12.82859391310767,3.002269114220339,10.338995529630902,2.6680961326818977,19,19,19
104,1.6284293348586727,773.956,5.21012273750551,-1.5232891347168889,6.704967019469582,-1.3923468984719787,20,20,20
105,1.3209509632720204,749.769,4.30771287595724,-0.6812526245595897,7.610588912168467,-0.614350250995218,16,21,19
106,1.7778792090128064,725.96999449945,15.110282843531726,2.739653178326481,13.876047168918888,2.329296131522795,21,21,21
107,1.1464675242061968,599.816,6.085487354422832,-3.025775245563371,7.289342485254615,-2.7060595582808067,21,13,13
108,1.621950507900072,697.8211656165616,11.216606031491105,2.2785002346489325,12.888354650582487,1.9363821136842596,19,19,19
109,1.1403471511156662,800.5631781178117,16.0741186841164,-3.792572076627137,10.939739610117773,-3.393162314282591,23,23,23
110,1.6193684036181497,638.9065602560256,7.396656258563987,1.5073488152648127,11.30144052537878,1.2893511639602548,15,25,7
111,1.4608662234323,622.244,6.405478969871692,-2.106448787777627,8.55139729069479,-1.847239828773348,14,14,14
112,1.6472890868869534,750.9472284228423,9.568526473550639,1.923234605182582,9.957779267774136,1.709391173529559,10,10,10
113,1.022077280594172,791.777795679568,6.954968133188751,1.5489913269069528,7.975260186930104,1.4174002632853926,23,21,12
115,2.1786964055395055,895.1315256525652,14.863185048827601,1.8835388602616074,17.88226415650474,1.5643544411109622,14,14,14
116,0.5565158704776205,928.895,0.036812902542383986,-0.010502727112727097,0.09338499938927783,-0.010479713059441214,14,14,14
117,1.9640453481356346,849.4497428742874,14.925590789044128,2.7096264168523745,13.740137216369208,2.294655439647514,13,13,12
118,0.6617302562582329,390.103,0.034314650194149025,0.030385699409217065,1.3871247622726113,0.028707799609657532,10,10,10
119,0.9334490761720867,1169.061,42.803604181239535,6.339001193563289,9.372933261604267,5.777628964626099,12,12,12
120,1.1547818527165652,1174.498,42.59457364380337,-4.95788787279038,10.58201771502332,-4.291428828899512,12,12,11
121,1.2969916348816364,852.415,13.011763805996758,-2.2474825762108046,11.988423039229023,-1.9943271914892338,12,12,12
122,1.8479271899159444,873.791,8.125194583652803,2.0555782048653084,7.374617116322934,1.9017657166907986,7,7,7
123,1.1737925277476484,770.784,13.131892165958092,-3.1262866577302066,10.893347827094313,-2.7621474795465097,10,10,10
124,1.0036573684208392,649.7975223522353,12.396959265887494,-1.6845842369237238,12.07373479712278,-1.5062064456032613,7,7,7
125,1.195507116258837,873.213,15.339395666225718,5.0357871461510895,7.612672086162853,4.624797372365173,12,12,12
126,1.2134109906351225,851.534,12.203995212173332,4.576655870079969,5.190086980514634,4.303337914373957,12,12,13
127,0.9232885289723141,851.5865405540554,20.380049808854082,5.504857632332566,8.946295950158621,4.947793226802278,12,12,12
128,1.0947796275137855,851.666,12.43197583918214,4.599579864118236,5.162530510744452,4.339253057863177,11,11,11
129,0.43153887375674144,747.122,1.2311702219105878,0.14444191134925305,2.9700874366730337,0.13948273581698564,10,13,10
130,1.0921943711995634,776.582,1.086265484422884,0.13675074728026665,5.346378291948314,0.12598258792606074,11,11,10
131,0.5676202933971344,820.0,1.6873062857758039,0.19464634621352667,3.8991671614560146,0.18587498421047927,11,11,11
132,1.0310406823261182,845.439,5.619518440645891,3.507227326552291,3.3947920129983293,3.3830933985201406,17,17,11
133,1.3466817585818132,869.5680852085209,12.740956679719774,3.126747475701851,9.198183780503786,2.8374331567801776,14,14,14
134,1.4316275190967842,913.503,16.96890544938234,3.5841066009272926,11.443888276589213,3.141302816959118,13,14,14
135,1.3802510448864311,893.064,15.236905008373144,3.1157781021887945,10.248143128038784,2.763247681537821,7,7,7
136,1.616280912555459,870.579,1.24434682087048,0.13608914005766437,5.157186416759487,0.12837015316640774,14,14,14
137,0.6192695837456418,783.369,9.916376575596049,4.612759083421656,5.036760315715456,4.361997107807784,21,21,21
138,1.1299881287692148,878.33,13.6414735861455,4.829970081634288,7.068654533795722,4.481199512983239,7,7,7
139,0.6870766728503638,635.2808063806381,8.231009012652756,3.4023269976403707,5.516207602088184,3.1791602058980883,10,16,10
140,1.833723531669796,801.3863333333334,13.185179352973433,1.002288831961645,5.404014447465296,0.9393012275582886,6,6,6
141,1.641595785724008,724.057,21.274901453905986,8.835491217351917,11.066823248143756,7.361238629124991,22,22,22
142,1.9247935411800003,748.7192113711371,13.84662199746189,2.9614241974451216,13.082335472465683,2.3601975540866125,18,18,18
143,0.511495499174128,712.7307657965796,3.337579524400569,1.7285346288919183,3.2398842765246445,1.6510606393021507,9,9,9
144,0.48338186336852607,720.765,3.0951471484994557,1.7694413581250108,2.77862910896436,1.700596453397808,9,9,9
145,0.7926059171562271,722.2429999999999,3.8066910192797483,1.3681018191075935,6.896099492515254,1.2307523854358897,41,41,42
146,1.5418207669304298,637.2911794379438,8.228056158902948,2.6589194300542984,9.609039328349875,2.2710213307686162,38,37,37
147,0.9153258972843423,611.971,2.3621588847534594,0.6226943373693505,6.384226015274234,0.5596376683907007,17,17,17
148,1.2547625629155825,769.97,17.519109561758487,5.863955834905899,9.799142533476715,5.172491932103571,11,11,11
149,1.7630546718477205,660.554106410641,6.735426967789478,1.695247516488192,13.582103151890285,1.352688318471025,20,20,19
150,0.7984987553718059,661.7751358535854,8.894496109953065,2.7096878623681753,9.630692992160405,2.3679298497969583,9,9,9
151,2.236672373013561,1082.3669288928893,6.040778546593134,0.9187299844862575,5.883178972944929,0.8362553396427863,18,18,18
152,2.0081451833059747,755.8995688568857,13.007520152784014,2.855366261268129,11.503543103193692,2.4203410741353784,15,15,15
153,0.9768879811222102,650.235,1.4025144021827674,0.6028788441702693,6.247584132168921,0.5397811819790893,9,9,8
154,0.4454158187686235,521.3365353535354,1.022405879034474,0.3073449191278944,4.501302323291992,0.28404585074084476,13,13,6
155,0.8277375190448876,757.961,4.718182206060856,-0.8564447979689063,8.470742832222797,-0.7660081800556158,10,10,10
156,0.9641165568277282,523.0950864086408,2.0721880585537664,-1.1126710276973397,7.867794692771868,-0.967489664460745,10,10,11
157,1.42023915565836,560.3413373337333,2.6716508179094434,0.7122850760115945,10.921028375602768,0.5784797842530808,8,8,8
159,0.9720319127209682,607.6886872687269,1.388231584237017,0.32860574461216907,8.126117891605361,0.2865662984302398,14,14,8
160,0.9329935324574928,714.536,6.465446805332154,3.059316306027599,7.3164076216499385,2.763617425326866,10,10,10
161,1.1505094022543696,566.798,2.061351068349868,0.7787919356052756,8.063506755799438,0.6662891782249666,4,4,4
162,0.9370470832622623,621.473,0.6396110407025227,0.4143189900087595,2.447679991089321,0.4007421693772866,13,13,13
163,0.6790327563560288,771.607,1.8263022478974147,-0.5700898098029286,4.825687708883972,-0.5378051889047204,11,11,11
164,1.199851527788469,601.544,2.302069364742947,0.7702861372523858,8.936232961046354,0.6529753496705052,11,11,11
165,1.0941235450316218,566.472789978998,2.222418717596704,-0.8062537922108964,9.57934199807034,-0.7121156463784943,18,15,15
166,1.6283336787291394,660.2534539453945,2.583428647317798,0.5683798801590119,13.072500703584142,0.4499642220571239,8,8,8
167,1.3970434287804434,676.3306351635163,1.700618266502924,0.3231051447550159,8.650397819080222,0.2778005836028457,21,21,11
168,1.4843875360640357,513.0473828382839,5.955558977903455,1.1455366206200093,13.264793627927151,0.9237971627373271,19,19,5
169,0.12362874910211573,656.093,0.9662931680901378,0.349813855023826,0.907858474058159,0.34481859997749836,8,8,8
170,0.7635055239449561,789.5688228822883,13.067292041012555,-2.023962333166413,8.360239678463596,-1.8291509491656313,12,12,12
171,0.16878071239798484,710.1554422442244,6.801335654196344,-0.8126013747300413,2.7424004427256308,-0.7873824966509562,12,12,12
172,1.6105416083403565,611.9148583858386,13.073319464068447,-2.4643341954110944,14.652857031826677,-2.062274630503983,6,6,6
173,0.16723170480002755,837.2262070207021,4.331791775104023,1.7050312910643153,1.9465199896681453,1.6690759904086796,22,22,7
174,3.0007835771422977,710.224401040104,17.74117575346681,-3.6942907808762966,12.424158185126588,-3.060326951300085,19,22,16
175,0.5330228321929349,769.706,3.119246249577481,-1.330948558645268,2.2210707405910344,-1.2550073549266272,27,15,6
176,1.3585079930821062,723.577,22.319534456816353,-5.650240762774334,12.060526164458036,-4.77411163301764,10,10,10
177,0.08645335235107304,538.4326336633663,1.3351979296439385,-0.17309461183260488,1.3530676742923586,-0.17021255329679497,9,9,9
178,0.9770688820784875,842.5902829282927,16.63522584479557,-3.3992354262182776,9.467389226399217,-3.0481576007055367,24,26,23
179,0.2413366818140613,852.8369391939194,2.4627128360706814,0.32620587868223827,1.4780056022295853,0.32007146395611885,26,21,24
181,1.8437513886741599,574.328495549555,16.825099833060584,-2.698581530770126,11.049659071041885,-2.367717679148428,11,8,17
183,0.9993508774814703,856.679,20.37102310631966,-4.262632496788659,7.001334050023026,-3.910388995276458,7,7,7
184,0.3248611973818441,831.7992903290328,12.194488843277735,-1.962790522964145,3.612788891923159,-1.886881350674742,7,7,7
185,0.6167736227479562,849.799,15.540547803761697,-3.873624067431539,5.684050051121841,-3.616545440059483,7,7,7
186,0.8666505096112165,818.442,7.821744593152833,-1.5029320547950484,4.327739099241087,-1.4132185743771173,17,17,17
187,1.4618872580100646,764.167603960396,27.567219120076107,-5.867599651149173,13.71247889697392,-4.934472781205981,21,21,21
188,1.0317547207079634,772.229,16.636986625445083,-3.398195157689526,10.645577853794839,-2.9428426114867245,12,12,6
189,0.7901776541939867,805.611,9.929719461356658,-2.3604150394612504,6.430970492682837,-2.1663216049232905,18,10,8
190,1.2120652822391824,798.4931325132513,17.98084695404851,-4.5959396388087255,9.691561802815938,-4.009436632943901,11,11,11
191,1.4667558693428018,441.367298829883,2.1325568812019573,1.2965176798399833,7.078020673198285,1.0636464351157904,9,9,9
192,0.03122838112411946,455.39965916591666,0.1967248221859371,0.036454435216069156,0.2855322904214822,0.03634381495497979,16,16,12
193,0.33376091849166994,672.775,2.764259687644123,0.5622172234293058,3.3642351918461966,0.5356533336396647,14,15,12
194,0.9949616953865689,1094.4162787878788,29.65343556836262,3.8062939571907255,11.032890423483295,3.394279468612457,12,12,12
195,0.30424598949097603,297.8520522052205,0.810893395630465,0.5283256424248713,2.397189825870106,0.507932047706812,15,13,14
196,1.3138363604565402,1171.617,43.14578759417403,-4.790355017851195,13.724088852601845,-4.11238883954721,12,12,12
197,0.98365037143503,660.526,3.4198804453689657,-0.6044808081692951,8.822980635886225,-0.5339286696216091,9,9,9
199,0.09874848697446571,632.538,0.4031003504506221,0.3975187107281144,0.6598671297919084,0.3930932173064686,16,14,16
200,0.6768735888180218,1065.39,45.879619456393804,8.10606640256977,8.629412215435279,7.479793367200697,12,11,12
201,1.1400133689156986,515.094,2.2016271280517534,0.7684128301899069,8.129539556522333,0.6434415997322365,13,13,13
202,1.196049821732965,604.132,0.11252633391732397,-0.025205031403807136,0.49655918499542434,-0.02493829424872981,9,9,9
203,0.6546072031344252,876.628,10.80366031523345,-1.9461830243826195,5.453329926136002,-1.7916807142726392,6,6,6
204,0.06973361507688777,664.7507286728674,0.7057443791158992,0.37965042699752344,0.5665134285999922,0.3765270061661842,9,9,10
205,0.01297663452198968,285.714,0.17410636546954847,-0.4914036121530116,0.171461036022178,-0.49070550848723804,11,12,15
206,0.3704631638981241,698.408202020202,7.166991148717706,1.517364932964522,4.7454348335724035,1.4204245689501813,6,6,6
207,1.3894011858145163,799.359,24.885422678506643,-5.941200802096343,13.105101859760248,-5.011326520697504,11,11,9
208,1.1561624667110504,846.2447615761577,33.58976825084244,-8.343562670496828,11.616418644761467,-7.232408088935867,12,12,12
209,0.38777782302432673,742.292,2.738222144763289,1.3100162750018491,2.652452610376626,1.2543989201808994,6,6,6
210,0.9043813119182336,778.8824802480249,15.935842414020383,-4.286224847791849,8.244127147830373,-3.7993360847389708,19,23,24
211,0.20729057503776763,588.2995774577457,4.112989850068522,1.6926147673918668,2.2381918903261075,1.6392634036413756,9,9,9
212,0.9009150595860386,773.856,19.955153927171715,-5.067358413739644,8.11436757542512,-4.565929205969388,21,20,21
213,1.1605127233413723,800.0,25.31820822132904,-6.8379434169297975,9.535953541856717,-6.062716937855719,11,11,11
214,0.11531120957790168,680.0522100210021,1.4262238205429916,1.1831030802879472,1.1153337660377374,1.16270514733453,17,17,17
215,0.6905169482201734,773.816,9.771848285279656,-2.690970736508696,6.144813355385385,-2.477617936423606,8,8,8
216,0.10402378349896625,583.6934222422242,2.284004361914964,0.4805329765185434,1.559394394277322,0.4730464185916133,16,12,11
217,0.6807547267123523,826.8128027802779,14.840757539989621,-3.4411239674311767,6.82408885052123,-3.1774393199009467,17,15,15
218,0.8884557492251945,816.916,22.62867475094745,-5.161778439677837,8.605103084123094,-4.636443368766759,18,18,18
219,0.9218969171490016,818.316,17.939228041154724,-4.0726812793336356,9.454727342094857,-3.577579632348361,11,11,11
220,0.735041128593769,698.565,10.089991487811009,-2.3639691999067005,8.401466000541632,-2.0971971334343698,9,9,9
221,0.932799972275761,772.408,10.32574022717987,-2.50819614415049,7.486681049322572,-2.1747597301701775,9,9,8
222,0.948888138496426,702.3560364036404,18.500495819259413,-3.431333555937274,9.922803817266178,-3.0089965625226793,10,10,10
223,0.9061674565616976,849.914,24.980521666338714,-6.859163443658884,9.321144834238773,-6.1395281247902185,12,12,12
224,0.6631715723941645,797.333,17.01832718276472,5.412305952419858,7.261710884224139,4.942277250692968,11,11,11
225,1.1057667870095635,767.635,21.111203079461806,4.718067787731813,11.235229540046888,4.062080770604196,12,12,6
226,1.2887541722138522,802.318,10.715128489116024,3.8855909951412477,8.856595396513294,3.181167459158324,8,8,7
227,1.784387558740981,789.9236824682469,13.239480469768322,-3.701363326423526,11.132709499530879,-2.967971862961785,9,9,9
228,1.4497324691457854,812.9926606660666,5.266452357655552,1.522391401495206,7.981406908505593,1.3035326190512684,12,12,9
229,0.8193280656972824,694.214,4.9412135537280575,1.585545562758951,6.648463802689377,1.4268843651076506,13,12,10
230,1.3362371999545855,784.322,22.88858405466384,-5.7024437027074155,12.46515037657703,-4.842502388720489,17,18,11
231,1.6317380313546495,847.368,33.29077802874186,-7.288797488701614,14.629820825651677,-6.056963924175861,12,12,12
232,0.661780784655759,679.223,8.73455104985623,-2.553914071632521,4.922104703555115,-2.3735287978677406,16,13,13
233,1.0518000584622247,788.052,40.11187142919251,-7.70196696146974,10.007856934072509,-7.170333555501823,17,17,17
234,0.7979511335232138,759.4987218388505,11.166522737721651,2.8834634901853713,6.8562379910152185,2.6255009461173544,11,11,11
236,1.1288768709680181,768.8393292329233,23.542533896015495,-4.8257624897495175,10.722636657314514,-4.2014362608248526,21,21,21
237,0.31300152107401524,701.6492904290428,4.617011735818219,1.7855903822413808,3.646343378304737,1.700927459249797,10,10,11
238,1.0489194207981345,744.5163471347134,22.55822998834849,-4.733737607516678,10.741085376176363,-4.110978576704958,6,6,6
239,1.3117813275631651,702.343,25.51488201876805,-6.154927703874943,12.188153782344573,-5.176836784409951,14,13,14
241,1.2840282152814189,823.677,24.492079059006358,-5.717840563799653,12.63263312246147,-4.873486444456656,23,23,22
242,0.9794628047591543,699.4065511551155,10.440762461558162,2.8446685942145677,9.505170533811505,2.4866601562935093,21,18,21
244,1.1603966649646595,674.188809180918,7.683774894961219,-2.499369825443675,8.743268148848209,-2.1260150316889663,10,10,9
246,1.5552999641333864,675.8497743774377,17.280491897087042,-3.417897317163333,14.476440689913025,-2.8987409079059434,11,11,11
247,1.2134167893907808,367.7059862586259,2.263095041686149,1.0359396054775667,8.35954370244236,0.8621055864342028,5,5,5
248,0.8937187015675289,404.92059545954595,3.100572831132887,-1.2652220085756039,8.332672174587207,-1.0982008191810317,7,7,7
249,1.56403181630197,485.586,3.0919196534523072,2.0272125661605753,8.966304388315253,1.6290320977949735,9,9,9
250,1.3654749825712853,481.9265045504551,3.0721315225530272,2.010917992508838,8.6686404354229,1.6455762725465095,9,9,9
251,1.2943763818755847,800.0,21.25126663554038,-5.0502987240716735,12.032646951264057,-4.333990316353973,14,14,14
252,1.0030223858814296,873.93,12.363833279318266,3.404446366155628,7.410369029790775,3.1252952796994022,13,13,13
253,1.1352994069202098,415.7621423142314,1.8983686173649286,-0.4139265222561884,10.129515561078852,-0.34961634877394226,8,8,8
254,1.6050316414257562,722.102,5.640965906405375,1.1249250236652955,13.297987782900874,0.9346243851695181,18,18,18
255,1.0386521121989032,571.7552101210122,2.3714377531494475,0.8428538491736834,9.21122826068875,0.7237164660138934,14,14,14
256,0.8685420864072775,486.5712376237624,4.536357026397582,2.8175798403890138,7.187807544799786,2.4697583831643906,14,14,14
257,0.9706867781953318,795.37,3.2217100412260122,-0.5535479563889679,9.341451456419277,-0.49404905861676857,11,11,11
258,1.014513331676254,326.88717005700573,1.5860337176890515,0.7436649222575957,6.328204371825693,0.6407370648190085,8,8,8
259,1.2879755099527204,870.778,4.2459030339224375,-0.8229692214968177,11.687340144897593,-0.7224175704294902,13,13,13
260,1.1010310793934506,344.4005665566557,1.9729420168302272,-1.3488245870428974,6.241908986927984,-1.1457140127492467,8,8,8
261,0.7582723022183573,330.43459585958595,1.7595935023273535,-1.1261647138520523,5.690939485662891,-0.9818222920235896,6,6,6
264,1.2738543760545589,299.827,1.029808411123007,-1.2722481384013735,4.532722283277917,-1.1473236412055607,8,8,8
265,0.6986712278259467,653.6248350135013,8.602711297029693,-2.0113490333300477,7.807499051275448,-1.8300906807444368,10,10,10
266,0.6221508582453221,721.394,6.441450034468927,-1.2223575606848647,6.837326408377818,-1.1124500929593069,10,10,10
267,0.8510148959335746,618.7013950196763,1.9833620533737566,0.4986081920416882,9.247306135235698,0.4349384188585501,9,9,9
268,1.5935660739317616,714.198,9.65318289380513,2.1739562779301775,12.427398581060398,1.7955526698310884,16,16,16
269,1.4172704488778112,706.04,10.371078911513768,2.7506488518363175,11.683363217949179,2.319139065099974,9,9,6
270,0.3081634669932038,309.28,0.7181286769402524,0.9554412719120403,2.114599808677079,0.9320138788182799,6,6,6
271,1.3865033563161702,696.561,5.107214478522866,-1.1344438747753907,9.351979263544518,-0.9838571661693685,9,9,9
272,0.5668297081832694,337.675,0.39217531498800406,0.47828394724519685,3.0667954019666066,0.43576794343772396,8,8,8
273,1.3837090635979181,740.8439950995098,12.125480356229698,3.464934409939501,11.426535001709452,2.9227606164544695,10,10,10
275,1.5250533919281726,746.9857458745876,14.320063416144636,3.7527708333700085,12.39556554665245,3.127680447121251,11,11,6
277,0.5072491360106308,698.906413651365,3.7086463339251567,1.9260266629512355,3.476310964361659,1.8365869509323576,9,9,9
278,0.004250631725799962,947.399,0.051685341802062044,-0.00421293540882191,0.007630478582670592,-0.004212560271160892,8,8,8
279,1.0228780932319652,429.4573536353636,1.798318093967861,-1.363477018962221,7.099642192198149,-1.1527183101201164,5,5,5
280,0.8910954102368795,846.366,25.764591699906447,-6.555584967395928,9.079890840917226,-5.912166255574539,12,12,12
281,1.0567915301588156,1068.02,46.43636637416533,-8.837911740120797,11.357371092435963,-7.661612566951159,14,11,8
282,1.469044022916754,849.89,35.507175213673335,-7.1139950076926635,14.523263305540626,-5.935950701710721,12,12,12
283,1.3043397284623575,1156.8914829482947,42.04488826802104,-4.727373981630231,13.58985600881882,-4.061482517052288,12,12,12
284,1.2725168052534137,1184.7452575257525,6.905541006777714,1.0504513916920561,9.907609594980373,0.9186225540771035,15,10,8
285,0.7459952294052156,247.37045454545458,3.5646999503667263,2.585283818671511,9.247531634401053,2.326609827531433,7,7,7
286,1.0115951305544504,930.2179955359212,6.52233464542395,-1.6209846286305938,6.741145752969273,-1.4930757987921066,16,16,11
287,0.6124323678486082,650.8552739273928,7.9090338793606865,-2.0662891860259434,6.442151098445585,-1.8862189706058439,21,21,11
288,0.9949662661427084,720.1658511051105,10.71822698796561,-3.092364919989037,9.133446823721465,-2.685948073554093,9,9,9
289,1.2675633042698176,782.1145456545655,19.531957331987602,-4.366951974971379,12.120699010930377,-3.729159848181262,21,21,21
291,0.7681521199071769,810.6290841570758,14.759599206998857,-3.9495261717512173,8.272516155677211,-3.5412791771711243,12,12,12
292,2.4801406107996207,1019.067,13.087573567982723,2.380112012639669,14.248174887948586,2.038875119718594,14,13,14
293,1.5879902953949443,967.216,11.267067957961551,1.8637598987544064,13.151029178407766,1.619724916165898,8,8,8
294,1.8965443409576186,396.92409180918094,0.49490923841535395,0.5640224926056598,3.885023235119723,0.5110699259718164,7,7,7
295,1.4450005961574435,996.413,10.102897380041961,1.4954473827468542,11.403667931682856,1.3302150335411693,17,17,17
296,1.075538383796832,982.718,7.634037968086505,2.9133462772008407,8.005114432280065,2.652520225514495,13,13,13
297,2.203452464071574,971.429,5.2458383369391814,1.215930977421452,10.051158212009021,1.059808472285269,12,12,12
298,0.8961948171434981,866.354,3.069537035689873,0.7248056246105482,7.246972953717272,0.6359131443149206,7,14,10
299,1.2493826209808598,890.541,3.877583659437819,0.9162264983663936,6.622056066442744,0.8209817206146384,19,19,19
300,1.0082616395612833,817.586,4.8308986771570135,0.8866806507815344,10.205678200229853,0.780090001616185,15,14,11
301,1.1389869642008583,872.386,9.391511433753026,3.289708491902604,7.180651429406135,3.04115233975534,9,9,8
302,0.5655996995877571,670.418,1.7818845650994386,2.343548077352071,2.3347053672282856,2.2527787680463134,8,8,8
