id,Seebeck_RMAE,dSeebeck_dT_RMAE,elec_resi_RMAE,thrm_cond_RMAE,Seebeck_RL2E,dSeebeck_dT_RL2E,elec_resi_RL2E,thrm_cond_RL2E,Seebeck_RL1E,dSeebeck_dT_RL1E,elec_resi_RL1E,thrm_cond_RL1E
1,0.2750162479810965,13.81905805510315,0.04648318017310144,0.023903486624961657,0.09379240291148935,3.4003250081559715,0.026253285270556107,0.011559275528435537,0.04790975445792928,1.7703367743044163,0.020066298261614005,0.0064358212757486995
2,0.17304581374742647,11.299094177273014,0.06690675929242375,0.00779466631916887,0.056473096679966556,2.3066622691574863,0.022976505531407107,0.0032656479507521615,0.024841089205474755,1.0241479518849745,0.010329300953372795,0.002143990640834964
4,0.040534973292137504,4.937396472219938,0.13901359755164003,0.06709884508635469,0.012487561792747138,0.6988227281805217,0.05950032372663077,0.021430491003182218,0.005385976778799494,0.26888332394439574,0.029948962969312046,0.009470479508310505
5,0.047605911068151756,3.367267866928807,0.4044146857443078,0.025026913306815824,0.01603837980119522,0.7876332711553167,0.13243740029080056,0.007782456576749124,0.008351223627834328,0.44434778120851176,0.06158296427699904,0.0036459656934545196
6,0.12358290536907143,8.95035544466384,0.18725057392774563,0.5582953293878073,0.042003940875094785,1.7399252047765117,0.05342544401858013,0.1362764121904161,0.018982381557506447,0.7133816555231021,0.021987794438002868,0.04957104768401396
7,0.1648955670724834,5.628980428445231,0.3386144558157091,0.24556203625035666,0.05926374705104369,1.7264916872670364,0.12580433650725673,0.10028689485184908,0.032733386510153034,0.8769235020412737,0.05540688195395575,0.044690039730951425
8,0.18514796906965747,10.198706337619099,0.1170731508384616,0.07689421029047543,0.05701732937927557,2.9274823470800384,0.050460436709258254,0.022987559993288484,0.026261030033714567,1.3448873671569308,0.03159542839577457,0.009540620737062121
9,0.1210405875736634,29.098041138776622,0.14264229603243933,0.020765942933213218,0.0331482251746041,8.354091046521024,0.04853649269048866,0.006114430437595206,0.014925380481569817,3.9872599446611585,0.02162504970386814,0.0028427466190058186
10,0.10196862599295771,6.121415742506377,0.1150132427008216,0.055965785695166324,0.03243831349053075,1.3265871866217818,0.039934489135591285,0.023573177819748343,0.015486492448912101,0.6668578407288683,0.019263259354333765,0.01141233845050211
11,0.09455587058152626,3.0888841563904075,0.27212620517904523,0.07313510493001095,0.030108852406065548,1.0227049020030217,0.1442695150731681,0.029950219654599243,0.017651063740905124,0.7159007845348435,0.07939191592069225,0.013716999519864954
12,0.0012009861739922445,0.2008767558736491,0.022403543367717695,0.02847738275721552,0.00026711946801439256,0.035544988072606025,0.0062600011787923415,0.008611215688455739,0.0001268688751168644,0.01802171397705629,0.002852329358546879,0.003943320871155607
13,1.9211872834511736,37.22293840761142,0.06976068127432204,0.039702952525347224,0.6871624482034304,20.93672535970204,0.030492190663393197,0.011498978570631068,0.314472050933737,11.126808206574145,0.016483845991639923,0.004747259783017694
14,0.033628188495656165,6.606274420320847,0.07087862795007839,0.02231743903946949,0.007580757487549603,1.7405766637316715,0.01809485807162815,0.006761545437302041,0.0033327176682615527,0.8214802854363203,0.007620667571374736,0.0030438832221512152
15,0.07528531152320624,13.457422341021989,0.0811514587049173,0.0911195983732714,0.02071971416055799,2.3555362571931466,0.024616578155674432,0.021383185523700252,0.009095347327571963,0.9787529431197831,0.011220977089403034,0.00923825845026481
16,0.021780164627358038,6.880526880521269,0.03661049051610137,0.043877803194018676,0.005090677280969271,1.108852972967395,0.010981015318261102,0.011839198544538142,0.002083228094116008,0.45548798571904475,0.0046645347337536825,0.004959164813016611
17,0.08622753126150867,5.025415652371581,0.013849350390183738,0.0433509687564291,0.023914289391586935,0.9361009240473475,0.004963621185514637,0.015355289481041715,0.010318492054736865,0.3956844719396442,0.002711660785480633,0.007193489933368236
18,0.06195058967614697,5.582939293034829,0.23877296247047713,0.010094565502515793,0.01801782071990746,0.7367966896286678,0.1186165671841764,0.0037900530478560427,0.008220775178472932,0.2948462102451917,0.060284855248317594,0.0019091271651979274
19,0.014909484750375908,3.486678532578189,0.027713086245135566,0.0988678689765194,0.00303254482760287,0.5309079078183532,0.009403693165242444,0.026546917782884354,0.0010425830811140208,0.1796472930225494,0.004308736670111069,0.011478565269551783
20,0.09897604037134554,14.419182392847043,0.32067086649388804,0.02488249234583399,0.022064625597930734,2.728557834483564,0.2008724451120731,0.007798507102716692,0.007840510965541682,1.0171958649572395,0.14480699935331087,0.003975418843320035
23,0.019590462901937215,1.848273793124332,0.0319170637257824,0.05876366407700458,0.005216833448300344,0.2274171777921351,0.013714758781022953,0.025666538931454805,0.0018515950319668683,0.07263192010315488,0.007555366427132703,0.012831572021658867
25,0.1791856719338741,10.936595281699635,0.02730041914951989,0.046896974904813114,0.07241130670758529,2.54447448534302,0.014350441544142688,0.018999502143696625,0.0353308662486001,1.1715783889897309,0.010900537321143138,0.010422983396015773
26,0.22118849645866895,19.534442061855138,0.1078968724093926,0.27332763476685434,0.07985734171079953,3.253169490952513,0.04501142862023916,0.09884654118591425,0.03828081756658725,1.3517756092035846,0.021031424470642577,0.04388640570914428
27,0.5697392860968469,21.130675044578737,0.5736821086830486,0.09595799608636768,0.14197821516448395,6.92290612215107,0.2340030502758176,0.032169921574924716,0.057332344799729075,3.7614493800993647,0.12878873328569557,0.014227109980457033
28,0.04933242771580356,4.627506221734097,0.19663538081241355,0.01887680181441648,0.012820215882877557,0.7937232015725658,0.0728669600575732,0.008640614819726429,0.005277432945391745,0.30141492992732494,0.03528908288274063,0.004364361702747689
31,0.027013433416209674,9.15125859690661,0.054523107265783126,0.11483333340453013,0.00687047928668145,1.5784625227701916,0.014467151686125904,0.02938324635562149,0.002947835598207446,0.6509253272158788,0.006104235558097506,0.01265026294280202
32,0.01900593221170063,4.601854505729292,0.03131942784228115,0.05627905646550312,0.003992319830247532,0.7064544160650904,0.009561788800877826,0.014777058517565032,0.0016136036328558935,0.28093510183907044,0.004190837954470624,0.00597173920822339
33,0.0025270980621271625,1.2567589290747696,0.03758089526706801,0.012959572345511351,0.0006232486254102227,0.1938629203812705,0.01143773712107649,0.004071281892253801,0.0002815863143731608,0.0844475468790136,0.005009440901716816,0.002428879955946141
34,0.0012845353953616508,0.10271243321837419,0.03991798387459727,0.08607335323955037,0.0004093600968313611,0.03916949760595273,0.013019163467442672,0.024676624473969438,0.00024752767107663436,0.028114563767973198,0.005589083722889704,0.010571968743357005
35,0.01095229462153448,2.508076052999207,0.11250794479980271,0.08035954678748072,0.002639072709803462,0.4176325381855754,0.033182494217520564,0.018636570254057502,0.0011245880708429018,0.16631085282975608,0.014217231000583124,0.008178409705656246
36,0.0008863022571842808,1.0740298364179897,0.005448378995734013,0.0051154133265128255,0.00017648062995987088,0.1568023652371932,0.0013229187290588699,0.0011898050762401563,7.262801839504025e-05,0.060251844280516845,0.0005376019955252389,0.0005123724092508533
37,0.020891944210582818,3.7471917480847217,0.022265030228268354,0.017973092403422344,0.0042440188911765046,0.5808721654864585,0.005758469321554932,0.004932268313447499,0.0016390553308050816,0.23311880872754942,0.0028592701293748517,0.002381381152518582
38,0.04644560241749677,9.107188386889648,0.16991375683556742,0.048774274077448845,0.010021387174875253,1.845755451331495,0.046847569569559246,0.015305234625567609,0.0038857914531874376,0.7731858212796552,0.02047265483703753,0.007019530501309844
39,0.0030055824276323316,0.6942528353421711,0.02194222546610756,0.06038713378272779,0.0007057915576929064,0.1447876895878726,0.005285048875184599,0.014898444073047407,0.0002882808672828294,0.06515041210703065,0.0021503814742485517,0.006385480684370675
40,0.0033921365331735136,1.1953932299283536,0.01669632951906763,0.031757523920582516,0.0008916091559063258,0.2555865853995216,0.004907327291275119,0.008819074236866977,0.0004004321137450168,0.11901069353768107,0.00216943640289296,0.004085810880643295
41,0.030090089244788905,3.570835849178745,0.041231808180471986,0.05444746966440217,0.007874298752232372,0.9727995649408989,0.012315462803261344,0.013710393689695588,0.0031917372182440466,0.41175930069160194,0.005328698738949148,0.0058795017488750614
42,0.0810893276038722,29.613396017063646,0.07060864225572881,0.0233357400352828,0.02132615974921644,5.335192090663522,0.021119327120101842,0.007103951096809867,0.008903426541090524,2.1484750413972415,0.009683579288011616,0.004565526707327688
43,0.0017785852332244051,0.24074018925816207,0.07705769972031651,0.13628854231794388,0.00046096392629162456,0.05208950705487643,0.02298242201322775,0.04595064277863077,0.0002131717249119887,0.025113108944001396,0.009870634406349638,0.01954437978001416
44,0.0016261649110560837,0.612081665653385,0.056933316413319196,0.058571528713114364,0.0004072717850413038,0.1311522229356349,0.020496898226350268,0.01660982629807357,0.00018254306116476077,0.060292961400118444,0.008872617262822766,0.00688177418504692
45,0.06041886460820346,15.879761702653063,0.004682377191361288,0.0034771263042721345,0.015079799415319707,3.823563675344433,0.0010581999764018523,0.0008921686347399324,0.00614635784493595,1.6126411104150762,0.00043722335143471085,0.0005368679046296604
46,0.05819153520699037,12.946570761164319,0.07868615861083227,0.02380451289153751,0.012739941847980106,1.8347871747364766,0.018767945244149813,0.005920802811240064,0.0050204945479450334,0.6890981991339291,0.0076994927354982114,0.002589044697187328
47,0.003442745529005411,1.6782074861037575,0.010995138856908969,0.04686974363412624,0.0007319820611653287,0.21102427731503715,0.0027713057587953863,0.01383942094705129,0.0002986533841646281,0.08187905064395022,0.0011237478591791404,0.005983512402681162
48,0.002671391452210522,1.2898132154830102,0.022233031810603508,0.07649097824371992,0.0005391887643437621,0.19264020325126774,0.005094482670116304,0.02226851090004651,0.00020167754593253772,0.06930786086515384,0.002143670500000271,0.009618161109507828
49,0.004874335683699812,2.0910760257772014,0.03692757560387383,0.058309686554562916,0.0010022124848506613,0.25511389032245285,0.011455851663560045,0.01511784818307826,0.00035436533276721443,0.08575931554721128,0.005070930981351455,0.006844956163273424
50,0.003311199261482938,1.3864668592984686,0.012775818559359196,0.03814485016035114,0.0006790362608078011,0.17511852409460063,0.00433589120020014,0.009957514026124182,0.00023968751690997824,0.060606611412145434,0.0020040711657752994,0.004890726936576356
51,0.0037635867175475975,1.6801697437563792,0.0702251463786472,0.05076378551205496,0.0007619864257736624,0.2132038698122882,0.022650541949334364,0.01485293710141768,0.0002592428459311187,0.07045145104137886,0.010026966950685454,0.006357416884941956
52,0.0038598835063472863,1.3725357877218514,0.003556810386252691,0.039830226607245424,0.000823332316883183,0.35482508382949857,0.0009840635152361923,0.010186015658586752,0.0003273550682018098,0.17133878302786568,0.00047017336313199556,0.00433848171596295
53,0.039424782708674506,11.886258969334417,0.03312733209460329,0.018253547080197243,0.008327297147733094,2.1130878015613623,0.007111309608851047,0.004071511835429081,0.0031949746758294494,0.8517343365160559,0.0025589630658200487,0.0016081342523313867
54,0.007785115893766693,1.4555810670470628,0.002969532810760735,0.008422656258571224,0.0016261537034831586,0.5386692212662963,0.0005957500342738893,0.0019838730096933314,0.0006327747120512469,0.3675233061170879,0.00025196145936408186,0.0009286732309960709
55,0.0008196325418468673,0.12599052913749825,0.017977489850162856,0.04407217110909178,0.0001845083989917904,0.030819157901756142,0.006018440910189891,0.010101700298993125,0.00010449212493246356,0.022281099292122766,0.002661710139223678,0.004013788987182587
56,0.11943953854617839,12.430254051458665,0.03759541623828976,0.0867481349079504,0.03081584716301788,1.8746307219021892,0.012169868963489082,0.034281110713824135,0.013188324681523231,0.7610153021605516,0.005224383311564181,0.015447551267832748
57,0.16872116804284565,15.012996064643009,0.029500758785055724,0.02205278208468638,0.059831360064580015,2.4676675266548824,0.014191106126692528,0.007927088941037169,0.027530965580289935,0.962253616739749,0.008959210871096438,0.004860192344064196
60,0.05089886174756457,3.354715301838396,0.01943755573670097,0.07094573422960083,0.015501035847572934,0.5894418386768009,0.005083020679022185,0.017221647305851216,0.006359292569191501,0.22003956785312687,0.0021470079447045965,0.007390750517521109
62,0.00701647749811559,4.491633643067526,0.014880729007439038,0.16279965852449854,0.0016762739141401965,0.8858295097023785,0.003264064450349598,0.04208974639109789,0.0007118635844280356,0.39707198268019656,0.0013473200132536898,0.018338997898074905
63,0.013398345215371286,1.4233960243543382,0.05618277576641185,0.032499324715792546,0.0034244255136615677,0.2204245159380236,0.012336978781184175,0.009351840126207532,0.0014346640516858925,0.09326908596925844,0.004957982303859372,0.004473592408887023
64,0.09321037365873465,3.648985185550502,0.05447417224292865,0.2003317899505052,0.032204249476200514,0.9230875114155657,0.016065535513579476,0.05042927749115685,0.01644667124811266,0.408981353823668,0.0075976958934462924,0.01816762416156753
65,0.03385612761615351,4.237871268386461,0.09615988525677888,0.009372269237784498,0.008990026669023468,1.0872356819309335,0.028041595640130812,0.0035313260440381264,0.004003378994977423,0.49714673523280994,0.009874565617221054,0.0019636456245961053
66,0.011214862147862449,9.820381248099299,0.22798575573410554,0.2313813219836362,0.0022969945066200004,1.3194913921589977,0.07290103059548299,0.050585669441704444,0.0008711195510438615,0.4790934523752984,0.032013821628400226,0.019258049036955455
67,0.02260040052226366,5.114925838880313,0.0431673985610642,0.02792993037633111,0.004547589669528369,1.1420118170807838,0.01322878651847587,0.007633890487315025,0.0016771809902972775,0.45953462353091157,0.0055462896370260355,0.0033954739251554423
68,0.002610230797918027,0.7461152172238764,0.006635343528944239,0.335406552444189,0.0005305487997143881,0.15776259427597933,0.0018504158762312091,0.09808925934618144,0.00020920230678350162,0.0664147562050142,0.0009528020987826158,0.042315597820242266
70,1.1074601630342937,83.1346158378649,0.3866190343851365,0.6121788454341613,0.33903552223365496,16.079990386918556,0.1524193169677147,0.19906300577955927,0.1483312194895743,7.157778973725278,0.07189891010693138,0.0844634346738728
71,0.059948062617948494,13.836965319272503,0.049813259660899945,0.08919734961650132,0.015329049891431017,3.74336948218519,0.014188404080307766,0.028106317620314167,0.006373441455847358,1.5389975831935538,0.006007557301577882,0.012605627672266122
72,0.5423299868915354,0.9870089555894637,0.2511736184852044,0.14719173528362828,0.05739119749077091,0.9951348864172967,0.07133389628833334,0.04637782131793651,0.012623332120196054,0.703776800584051,0.030497680483139607,0.019711540221298497
73,0.05943884382878024,10.32347791088552,0.30551007079289916,0.03664012464939497,0.014086360156241096,1.3504549596655986,0.08356245732325811,0.015453505309092432,0.004771576635103466,0.42426257854935573,0.03667260537972602,0.007618101533823731
74,0.009066872146808751,3.102846011137807,0.019971677923528657,0.035342201753050355,0.002360822450355438,0.7852648851570613,0.005184015328998178,0.009696800079528693,0.0011654772285752716,0.4415439646564215,0.0021504454066074564,0.004282156454366125
75,0.036917982681653506,3.2562735108796157,0.12036086729422192,0.0784555555273522,0.009875587510592768,0.7058414894687529,0.028451035366379395,0.024215493261295216,0.004070629709663981,0.28373287588384477,0.010846884381335294,0.010404299700994936
77,0.07600086200293854,6.068933512867176,0.2673170819096097,0.04336296315420652,0.023143734654561852,1.2880841544739092,0.09042468263731851,0.01658081751679072,0.009911724314988601,0.5433573712698728,0.039683602507558265,0.007610763451282376
78,0.05278146023065005,6.619246583103196,0.09297659356752228,0.04990825494937459,0.01523193256933384,0.8202367912091205,0.03690438868070209,0.015424404646136574,0.006209457948234422,0.2907211435403707,0.017425542843985252,0.006008463442337242
79,0.24052806161038698,17.045576061734394,0.11966913457944593,0.13639918507791882,0.08628012868395456,3.366040666137391,0.05126458592242166,0.04919331296741916,0.0382803733470523,1.3708190350540472,0.024850031063842398,0.02182738070045185
80,0.40606057161702047,28.244839545504465,0.1566920890032241,0.04722580979068055,0.12248545094768237,4.813134183225103,0.05985729440056219,0.018496912533555964,0.05273373546773714,1.8174961503149085,0.02826970909518192,0.008595394353392415
81,0.14242122802141252,14.328099288436077,0.04412380080454368,0.19021971486604913,0.0382190463982882,1.817501769594322,0.025142467635266008,0.06805132069262561,0.01359039976208331,0.5824499917732122,0.01739300905812019,0.030623974064221775
83,0.04944462806509274,5.877197351540351,0.07606950744037444,0.01672958389951727,0.014144142533168601,1.754746968697367,0.016303512466567808,0.004261168119800087,0.0059211026820350935,0.829656590907799,0.0066359504846665324,0.002220315472959477
84,0.01381708295603232,1.303169643654397,0.26915953701902745,0.01915792949166355,0.003905844909783143,0.1974212825037051,0.1082175916129312,0.006812737060938758,0.0018349765365964332,0.08515045283462548,0.05027671964927948,0.003499540481941113
85,0.3370605787503987,12.724789825910811,0.4695480083258771,0.06172162604384696,0.0872585877909078,2.9236732524482347,0.12036334830521779,0.021338278432587777,0.03765874363017255,1.3428811302359176,0.0502736275599277,0.008231285720902296
86,0.0718861243341886,4.207082260988305,0.5505957798553942,0.32128737547266273,0.02639149636169017,1.0109238030185579,0.2073194937091824,0.09811670055626377,0.014328185042009773,0.5944032867760153,0.0981037465606678,0.05020946951097759
87,0.08498165453363309,10.42260655184305,0.04914705626166355,0.03738906160154204,0.030855110657170306,1.6466358503431888,0.023817112665486743,0.011496574826132717,0.013258148332205556,0.6102908499342157,0.011380620482629148,0.0051424486912187905
88,0.5942322974590689,24.34829723084767,1.0068019880817736,0.13182611629271843,0.22085873185272126,6.316040891117715,0.324202916926331,0.041618597958764846,0.10754730719270734,2.936594536680587,0.13542670880216293,0.01812416105967124
89,0.024917224670839337,2.54975873204736,0.41265880276641753,0.0501995011509488,0.006829415422207133,0.39471552592617953,0.19266808244817207,0.01280796599118304,0.0029409033168125106,0.15557563412458925,0.08898509942269033,0.005106703880141892
90,0.3768944643721,28.05286139497067,0.15319228996032164,0.06583440518140546,0.08088780275106518,9.732534018562626,0.06329467371699467,0.018553624424797424,0.03317725195726622,4.7438182654227345,0.027700676336275053,0.008101801846635106
91,0.16241391352278106,6.13213150375463,0.06215780361044815,0.24006606664589863,0.06715894069220195,1.6002321379645976,0.033201554940768846,0.0864019924038726,0.03348134391511409,0.8174369708002264,0.02240152966470992,0.03753387426774677
92,1.3487186032099667,10.164155044624538,0.20550200819347475,0.09843278158897417,0.3551833618605408,4.42860594009341,0.08865940339565415,0.03538908117092718,0.15662937420861958,2.8062453584379052,0.051775330039562965,0.015698027375201675
93,0.7393337852793012,33.74460953987349,0.10024387755514846,0.10670426932769145,0.3142767527420507,8.295766831207574,0.0442288712519882,0.031021707159262533,0.16154857018816957,3.4546483635653744,0.021515411003531423,0.013199597249513959
94,0.0265646087774105,2.43312775423106,0.4100594774293072,0.07694421893230191,0.006345557481174281,0.3688536668379061,0.11974471190566449,0.01754959296925418,0.002371664183864297,0.13567545033368006,0.054308552341644105,0.006703957705063513
95,0.017997938543515953,1.5961623629188857,0.08329190444081087,0.03139194369551928,0.005325432758538699,0.23180769081686495,0.03852215906921423,0.009882141238308094,0.0024454358231890813,0.09027833246904639,0.01908151190959831,0.0046457865853337475
96,0.12102844121585248,8.396398391395394,0.06724556213875185,0.11554725083534408,0.03674033762804529,1.8264769032745611,0.03532277493332231,0.04688603989242428,0.01838335184538468,0.8498880223481252,0.021966612265071007,0.02129824790110529
97,0.01798790033278168,2.2999617470702742,0.1082768434702243,0.08843187089688752,0.004879064295066864,0.32530173210615604,0.04165887090706563,0.025562473104346208,0.0020307933240429074,0.1258714919889389,0.018557446861616124,0.00966583863917812
98,0.017604636594293514,1.2791903255603816,0.0589352119317844,0.08903272329418838,0.004651555998845279,0.3309865793911844,0.037909549070780924,0.03041128696934477,0.0017412834496297253,0.13338405354855182,0.03073767682260986,0.013029895045056996
99,0.000887395057118279,0.2396716786729355,0.020911285915376984,0.00869874800943693,0.00023859841261243805,0.030744591143755762,0.005746735605071605,0.0022417001847973863,0.0001306803423030178,0.014720363768000021,0.002471013702793249,0.000988237000153255
100,0.15961301750421492,13.379568688581507,0.06931086700984918,0.06105601698133114,0.04181112226953174,1.8017475699864443,0.02957808307766907,0.02703156289349907,0.01562426483400804,0.6271720034550846,0.014857748996143262,0.012625061822867925
101,0.2622414223757628,21.373822674180666,0.011405632387355091,0.09486647511133695,0.09305490577891579,4.341042196532376,0.0036451851645391627,0.02856009067057769,0.04242980510006441,1.760767074003768,0.002498216497024324,0.012479095008886247
102,0.2344373403967882,16.15992038893781,0.23782667911415273,0.20566470355082378,0.07181401755499503,3.145924015167138,0.09216720236846991,0.07652570814259874,0.03256729191720864,1.380243891138542,0.044628332381541,0.033911305559132326
103,0.31087492663917593,21.881727880949935,0.20887154535040642,0.18090298971471203,0.11303581064065898,4.558818626557762,0.09435960347833862,0.06928009624339065,0.05398999364634972,1.922861827441387,0.04654565555924351,0.03071503448460373
104,0.057458838253760955,5.349562188605064,0.15662595674815902,0.09044087825947146,0.015467611455323568,0.7554500651681365,0.04036821117734671,0.02769068174180076,0.005905123545095216,0.26644662943503006,0.017939088111909644,0.011682095445016137
105,0.04727425506226572,8.342783952463758,0.12534821115280106,0.06842916512159043,0.012463201033318608,1.3748607814661697,0.04628887837849482,0.021584430718349416,0.005828099395442108,0.6055010533989715,0.023351591369225128,0.010452775065965135
106,0.189552369905142,14.31388130764282,0.20378737550057233,0.05434775475281864,0.04972730246620476,2.606104837740426,0.08627356174422067,0.021112051782620236,0.02086078384108261,1.0789747456695127,0.039853285483305995,0.009620951356589568
107,0.03463335540731635,3.6497874223501023,0.06866687999763318,0.01082185529328561,0.01038115660319857,0.5570726399603114,0.02248450235014909,0.0045173827046741605,0.0050909351525226555,0.24924695122047616,0.0086690658101988,0.002430272147170723
108,0.013565386728365113,1.2999319279226071,0.1892667182752525,0.056605286524947514,0.003510150583091819,0.19196056177931303,0.07020217367566511,0.021929635972014305,0.001867140804606863,0.1035402514199143,0.032918004437852144,0.009227143471841392
109,0.07210667584910779,7.206060527444661,0.1363107250356752,0.13899896795031555,0.023030424320722172,1.2456987183475625,0.06714721686880742,0.052389553057197606,0.011573063140351768,0.583753411740641,0.035773744568430195,0.023464756621465188
110,0.03368750152029108,1.692083789948417,0.024122541987079214,0.10036235186404452,0.01356803116087625,0.575214855846671,0.01131633120812241,0.029403388349006455,0.00764673351055445,0.30652685596335705,0.00707702261859326,0.010995113496660248
111,0.02922850084042783,3.0417818431039945,0.3094889444653676,0.03189382828701697,0.008991830658774597,0.3761892049264835,0.13182775537752314,0.009370796346837879,0.004576829147649897,0.1620368823264193,0.061176133154516366,0.004184338850289337
112,0.12375946107743188,10.19369643779083,0.09342653170937035,0.08525878609734988,0.03330543895751027,1.3741381114296978,0.031960144268031655,0.03761604308799824,0.013568160102717176,0.5051639498674393,0.015166190652509097,0.018822100280200052
113,1.0398298309530352,21.821212950578847,0.03510802828283261,0.03666514376587159,0.34408962484469124,6.692183859557169,0.01564198061401484,0.010439195242621827,0.17712805679710333,3.684585699860441,0.008998900002824188,0.004374499394478364
115,0.13625879047802303,8.174981506518696,0.2886562912357485,0.08804861630814544,0.03685085016209236,1.433927608394978,0.09752791539736047,0.03379427278067209,0.0165273236459972,0.6445242951970634,0.048420412334616504,0.014739159895418817
116,0.03130825532836542,0.771560237264714,0.20608039038668227,0.20077644850251028,0.014010937457094221,0.1591593723580572,0.11383260513810955,0.05465481076297326,0.00697865790097332,0.07901952341552917,0.062202813746301294,0.02275425868583827
117,0.3743862564059471,17.275563956491823,0.13200324352849338,0.004449281857448982,0.11292078677854146,3.9879021786165407,0.04128010566751218,0.0027489833902002436,0.04995531006912742,1.7872420306963834,0.02213856381114356,0.0020328470343845186
118,0.08525471732017342,11.339774313988949,0.023124157174139497,0.027489810216225378,0.02127056779883793,2.41271671183421,0.006783486595031298,0.006718578270944019,0.009802723284824294,1.2761491478118312,0.0025013652596648636,0.00279803044943894
119,0.10707731329302808,5.111885277196494,0.04066036223069234,0.04339771390724885,0.03711966782899299,1.6792289021825786,0.017977078994715453,0.009992798967585446,0.015712929981771834,0.7258174715118977,0.008601748123612534,0.004495923135987917
120,0.1304981551799566,10.661976502040485,0.3989550092071462,0.05039329034587488,0.03330196835964576,1.6505001689888004,0.11068281008752257,0.011634388956906203,0.012113877116282208,0.5537992540456966,0.041388558085198486,0.0049555957769185435
121,0.23840843432535308,20.29378803007892,0.15286885430505673,0.04270296212930822,0.06151248347948223,3.5243597008892125,0.05099463675499463,0.01527253971268307,0.02420625500335066,1.2667152820677263,0.023791093390143667,0.006996559871439354
122,0.006280370845735241,0.5309413847520349,0.2011614585847681,0.06328213391180133,0.002450488062121167,0.06641650293734186,0.09056271199049738,0.023823529744661388,0.0012049952446937376,0.02656754411640421,0.04493187226706344,0.01107234389588308
123,0.09337917606167662,9.833838022420046,0.07530146152080404,0.04690281905028584,0.025278718636832564,1.618830621359599,0.028935603455933216,0.014604421007028709,0.010668186490187812,0.6357769914516124,0.015573517757588046,0.006386335387665712
124,0.016968398513355354,2.0942869430608217,0.2363479538869674,0.11350854187278926,0.004244250722379468,0.3091026664925496,0.09313297012565797,0.05080100780251308,0.0017937285054754237,0.12418358998781388,0.04550315782274346,0.022893570398750913
125,0.07776435959274418,7.177149637199214,0.05538816054008044,0.03079195283991425,0.024683829028245768,0.9130160348591224,0.02162135598336239,0.011466505494687116,0.009705494226115366,0.30829374979199897,0.010283332257933207,0.005910467391919624
126,0.4028633836073085,31.308257308564375,0.15963184845814915,0.09446624995904486,0.15421183726985782,5.2872251428331545,0.050640620288768444,0.03061540446258963,0.07121198858901401,2.043917621347078,0.02146275523169385,0.013291990888998814
127,0.14219509622994142,12.204853446547618,0.12223720329682293,0.01857801670275692,0.04332698986051906,3.7274348473026335,0.0402190036543269,0.004157963981964488,0.01858892782276012,1.48458043660507,0.017911627340694403,0.0019048383307716731
128,0.32202449875432393,21.536923912895904,0.1633457499857471,0.13496218879392316,0.11699663035624384,3.5791348847672726,0.06667011566640055,0.0468095692845119,0.052970463251382036,1.3572546224750497,0.030429531492150812,0.021015305254202088
129,0.0568501157669196,7.883910346828291,0.3072221035398764,0.11453701971106384,0.01668205081751656,1.6049552193323036,0.09525928593577963,0.037388856158685146,0.00783572072823088,0.7172316885675525,0.03933651688357177,0.015896134133659524
130,0.05059941260719747,5.337265796066316,0.07165032344569158,0.015865539893766413,0.012583508854790218,0.9048302428995619,0.05630327569213306,0.005232445124658116,0.004566825341703997,0.29693322399683275,0.030462692012070133,0.0027295681494131606
131,0.25054364491943815,22.963636567341013,0.23162099957808968,0.013254920456228328,0.07176178294676455,4.738235396131855,0.06452007526160584,0.004078130820177522,0.030246130959555854,1.8952989604936752,0.026494437815383097,0.0019340904485728768
132,0.10334897989777853,4.949484654154307,0.053464108747232966,0.08898114781822697,0.04416219352439125,0.849987490317419,0.03017506950035815,0.027319591597866847,0.02249579467238743,0.35515117001271873,0.01718924957274566,0.013621615606218966
133,0.1837308755067325,11.37656817785239,0.2656699945095191,0.2334771234857992,0.06206756755247032,2.3681726382728767,0.0812515744897932,0.09977583248396586,0.02811309236022199,0.9497979545839802,0.03611448008119149,0.04545221903440829
134,0.16495090828289372,17.796081936472323,0.13465433552880102,0.029063634304472286,0.040819202778925305,2.6947481486953384,0.04208404855630926,0.008469160751998614,0.013620271415001628,0.8234290333544438,0.0185366660738567,0.004612089045908767
135,0.02197816280687618,1.8964056970496015,0.21957076053221747,0.02065763291324088,0.006766472261899233,0.32768724280182915,0.0741275743223328,0.005645489481882394,0.003062345548402308,0.13524140007907318,0.032839715585127154,0.002629591522195814
136,0.04990954474432753,4.474246281954877,0.1959735985347764,0.05707516100450051,0.014838809010301842,0.9875202534101125,0.07806237098564711,0.0228217106684004,0.006338862143235605,0.41044021646200723,0.04080999832843244,0.011101951436694844
137,0.2941524668079649,21.978372563804257,0.06589830205302143,0.04372747530509567,0.10704985501858194,4.266850256775014,0.024783159785056835,0.016805397405503183,0.04896649890418055,1.7042715371518335,0.012425801741400786,0.008828189440809934
138,0.01006169112032953,1.0113064834987286,0.12105093928508266,0.01811691170150643,0.0033918346184684265,0.1370982219743587,0.054537721986117366,0.00608995076660029,0.0014396103808333282,0.051168647040141686,0.0262790148859286,0.0027044520227896885
139,0.6350542962799859,26.56387481063372,0.1566233554787842,0.04894195976711707,0.17688732917992075,6.419563751478382,0.07264498478092377,0.016164545567663093,0.06799923379819939,2.4010121933552364,0.034985998231189856,0.006434496440025929
140,0.004428220511780812,0.35113289360988104,0.9323932449826644,0.15584467896721568,0.0012865945706389643,0.10954779277171506,0.35113438041648914,0.04653466832156708,0.0006352829548012083,0.06306902140510486,0.16382304088084298,0.02005039544687783
141,0.1409271004508772,13.21676130175441,0.23387342157107538,0.6991673519911962,0.03354032668591211,2.7725703747593946,0.07191888118798827,0.16710203589726147,0.013733503869348938,1.175409861854591,0.03290376329065733,0.06490686826982098
142,0.16889457509355563,16.727161141409283,0.28691857280176625,0.233862630459776,0.04013880739973958,2.9656638245040035,0.08177198001154018,0.05390315789208617,0.018710373574743592,1.349377490396368,0.0409203071842491,0.024701354506175596
143,0.03137943640641993,2.703269919540603,0.05542737884143316,0.1336845274799948,0.009813422686226647,0.3176570566339944,0.026558061038487228,0.03620057539816612,0.003640333336509433,0.09624644253756925,0.01340941474260276,0.01414375998591409
144,0.04402108695236543,3.691788102848759,0.07588392688393004,0.042916224837681725,0.014298910589807283,0.47000564543544093,0.02837718809545046,0.011570105861300254,0.006012188361654005,0.16339638189216715,0.013267082644375141,0.004920934544495317
145,0.09335358421491337,6.488868802154174,0.17913299863908042,0.1854408040990116,0.031211577470415065,1.8661134321374655,0.04829710801607393,0.05444010074587245,0.015294838445134774,0.9200136262189403,0.02019052482225314,0.024974134508694387
146,0.17377051642242164,11.542962170049696,0.3848820832701302,0.09077679004817793,0.05489781202703151,3.1021626588859834,0.11645669177916922,0.03172388085806971,0.0253985419470191,1.4769783376006658,0.05174966228827814,0.01476528828818587
147,0.11332438247131231,8.012389459374974,0.030976285740498335,0.3704996467710121,0.02680588418596714,2.6235356307381092,0.007118911990709822,0.08645891814182952,0.013238338884490825,1.5651914810920589,0.0033998078580740267,0.03513521082746064
148,0.050919384840570306,5.891459471227611,0.011325232008284707,0.32202652303407303,0.013321751271682074,0.7680999900398039,0.0032939778462262818,0.07745887070036075,0.005279434960182591,0.27607023481925375,0.0020199342418397914,0.028423314408661266
149,0.07087033411059734,9.497047924072472,0.16576824452325056,0.10499184472521013,0.01577119288772778,1.8548877570983289,0.038162697930902434,0.02489234285741438,0.006408631234669834,0.7501796444510245,0.01873348128337196,0.009080084280796282
150,0.04162228061042386,6.004256252258726,0.0697908420386033,0.1054847398728529,0.0109632814181942,0.993453700814675,0.016373449079667264,0.0276984082693679,0.0045133029447611914,0.3893187233284452,0.0066783826090599996,0.011468725298712127
151,0.3357717807124757,13.668656591644037,1.407655261914328,2.761672771932752,0.08735196705822307,2.4565943416465443,0.4244666421901144,1.0975928911666453,0.035717410908806264,0.939486058377875,0.19652518039877925,0.4629391003685927
152,0.44353037504832443,39.045576328088025,1.0961078148550032,0.28965227892208434,0.14567027325709636,7.504424801467943,0.3774281107797788,0.07598473078230909,0.06544932472803396,3.036680661181278,0.1705238565075929,0.02910121335468963
153,0.059308113088174186,3.4488608914452756,0.2045908317187423,0.07735869422693963,0.018576555537587167,0.9051700124670099,0.051931253366074105,0.02076177283327981,0.008637180932836672,0.4425367894418354,0.020753986896341996,0.009477512778300527
154,0.6933290256725817,55.568760603096486,0.28351072515990666,0.13751985934792818,0.20334614217801153,18.340554502235154,0.07558060667655381,0.03721975219007999,0.08981903528436701,9.008626190376324,0.03279873366259195,0.01566805321174647
155,0.05365425185044019,7.297066327362477,0.0788764775010042,0.09813299069855627,0.011136335105937515,1.1993833333797352,0.018710385339487184,0.03496093989468046,0.003854385923513621,0.4740837275149337,0.007994318008797352,0.016024985096172166
156,0.3200384049837505,11.149029183526114,1.547381202146336,0.6997052973358543,0.08036817212947685,3.8369571629115815,0.3823298480533872,0.18104154627496344,0.034685763878027895,2.102347058601208,0.1554725952517783,0.0682257186499879
157,0.025675157136276005,8.252198947429731,0.30719393876266593,0.018283630332685173,0.006125396976848549,1.8686105604873344,0.07858718143072761,0.004159026229867505,0.0024919776496856163,0.7703785456801021,0.0329991569843552,0.002019181085980353
159,0.2678313874339161,36.38225994071692,0.14611122533893467,0.043084428799551384,0.0641878757193891,8.235511165861956,0.03871600838488627,0.011518767545204759,0.025548324130235934,3.3319260365774053,0.016288953625430643,0.005520357460173552
160,0.1241337740210005,11.112709882974261,0.33490540392494655,0.025471255445119172,0.04042101622893529,2.502261744232115,0.08446335542621616,0.005533751839362254,0.016972307797697043,0.9997655174978161,0.029632908155207253,0.0022025918385246606
161,0.0018104259486991531,0.48259556873225584,0.024412249435756858,0.12246482030041109,0.0004708429153303208,0.09237618383701188,0.00735270163841303,0.030748938784682895,0.00020203253361899143,0.040626698441543437,0.003257445625082082,0.012991070567674309
162,3.4475627352743614,47.36593929283649,5.546792976840223,3.5627822035511048,1.1846076126189642,18.30587951203806,2.099151829796933,1.404187187003333,0.5781772724820472,10.178455303094719,1.0385153570691246,0.6823817994791324
163,1.5929880562710832,43.383722914754024,3.819002685215145,1.500057463602164,0.4590173305963587,13.689435753912063,1.462524326628018,0.44628931528882226,0.1967689469792348,7.360480298684928,0.6663055822792303,0.19621602839705865
164,0.04573841957213466,5.166383633826763,0.08469344858975954,0.032572631489003405,0.012625025356891568,2.02021225403268,0.025162946629576927,0.008102654465235481,0.0054333988006059096,1.0546092644379836,0.011895303934661157,0.003732150512290747
165,0.17351778809978072,11.010805156743071,0.19509122001875134,0.3045615814647341,0.04981918460556653,2.826773723517814,0.11153224224502681,0.09616742079919788,0.022871525432426893,1.3471591369450036,0.05730898188169858,0.039808337998434924
166,0.10092383841869458,12.525005502906787,0.6106751500737765,0.08640038237727649,0.02188839623817502,3.1869075185973923,0.18675796166510292,0.023120804239179577,0.008296053256284651,1.4335011169551324,0.08090395290263018,0.009889353759447632
167,1.247581532907863,33.24109839548614,0.4735792292483304,0.2582550181347841,0.30356518030271545,13.67153687033655,0.1264632425097303,0.06307299917104182,0.12497700967511577,7.4360690418861,0.05230108673518523,0.026770505009124517
168,0.06877817406661164,9.126592131214933,0.17035001636410896,0.22529897920407815,0.01430365726678531,2.7123322801418075,0.037554115091395106,0.056400884545368526,0.005539882875594623,1.428230828236568,0.013896244472629066,0.023771592461259462
169,0.03262800648169343,3.596564920343325,0.1027055035907834,0.21096489371366417,0.01082033388772691,0.4560940033989018,0.0563113412662533,0.05998403141236498,0.004428239645300143,0.16361141776031715,0.030699420842616267,0.024391164910446614
170,0.039151298682516926,3.9327335132799632,0.05656972643754112,0.136307488895643,0.00934790731317463,0.7521318716242631,0.014576723615925886,0.035387644617426044,0.004070131299099772,0.32239366105467393,0.006839414346589103,0.014671789893575751
171,0.008656843508834866,0.55970466211094,0.21963218456173708,0.07206247671819634,0.0022699813228269023,0.13609451438540185,0.0626049089521882,0.026631192845025436,0.0011975774281858303,0.08212408512552659,0.02903970606231405,0.012266186548615738
172,0.014178548872768986,1.529219913978307,0.08503793428051383,0.19962387886623106,0.0037912016018717015,0.3198791666925033,0.036218869956760304,0.07027294341479455,0.001686698021693114,0.1365721442555848,0.015742433971561425,0.029777970256789778
173,0.21315323231709873,8.383542365170355,0.18744029867898038,0.03286591082714947,0.05232195790356991,2.603209711841105,0.048890346797600195,0.010511407545959164,0.023035917525467464,1.278380238851452,0.017877801498812795,0.004461318815384477
174,0.32374339800870683,7.695482295537277,0.533250549830708,0.04314176657335427,0.09268605535174075,3.6657231431096298,0.29450811795655435,0.01316337900752558,0.03850213985764604,1.6710226551633878,0.11134864111907619,0.005404398583569821
175,0.3052500488471875,26.1178221327837,0.015583249697023786,0.0420360109984304,0.10521454008215675,5.423973967619986,0.004090758293928944,0.013855250088547743,0.04682736988290067,2.157356662372139,0.00181553126937761,0.006489018764412012
176,0.0427461789420759,6.420900792553745,0.049839226618668214,0.05982119165785215,0.011741903293163988,1.237314891495368,0.017509523610218354,0.014140108449535093,0.0049545996155673224,0.4921328436283571,0.007838773300306866,0.005463978936092146
177,0.06509627056980764,5.743203653015814,0.06616661503948675,0.01465043385802998,0.016947450878179757,0.9315781458375639,0.022702620864815982,0.0043405680281509,0.007136641265234309,0.39411283795824986,0.01300015749016172,0.0024373327609805277
178,0.7517908922368635,35.415584070043046,0.09412890225312387,0.602395757105615,0.22072541433639023,11.24374740743344,0.03433014588575034,0.18102879034873837,0.10041639298420339,5.568980230623705,0.017180234256610426,0.07898570698468374
179,0.25744506144990265,6.992947123850043,0.9142156554214835,0.22621969781368761,0.09174892251217207,1.7008650564739036,0.42198306997822216,0.0621216543009638,0.04977500481270182,0.9567430729598131,0.19668405478826867,0.026398957895544
181,0.30329096361062696,17.737042391866805,0.26018031791771873,0.18330545572652465,0.09489849056185541,4.093263627781054,0.09206245468835791,0.08319902069831739,0.04012566269150701,1.6736995872493996,0.04638849482471849,0.03807124659746753
183,0.0221441687310187,2.463594273970317,0.04329288402718919,0.0836376071223714,0.006096667856819601,0.3251259736738286,0.014454519438859477,0.02908687190719066,0.0023653197324447718,0.1096595437099375,0.006568070924219672,0.012482662830298226
184,0.01928687815309059,2.590970425100463,0.04529565991736016,0.09434227220409912,0.004639920531253805,0.3903210325934611,0.012398053338302193,0.04247067420296148,0.001859243289093785,0.15566173094978716,0.006029304786839548,0.019050275377626956
185,0.008465027804853585,1.2051947490021278,0.057159048427640746,0.11125775176347427,0.0022418966467438236,0.13686163919330774,0.01945513642392002,0.04033252936322786,0.0009398567215554664,0.04959460789806348,0.008752426579114445,0.017303972983542228
186,0.5893962329860556,67.64170588759079,0.04858508302414288,0.26285763622255176,0.19992349710235455,16.012138722131688,0.018951850621632068,0.10256356680806682,0.08868708804365882,6.6836707596221085,0.008786058499338851,0.045424938788546046
187,0.1383751541548438,17.334467213368658,0.08707363996845598,0.20244189068649301,0.04462083447345943,3.76464384571465,0.02412492087103657,0.06288742243484598,0.019787241387889006,1.582974707911416,0.00935197363488313,0.027026969984266628
188,0.7324394997493374,47.4588120373634,0.06566276003483833,0.11932783980417921,0.19369929773989278,15.200125792790015,0.019969748410466694,0.031379399458179434,0.08345624700974529,7.3666282381548545,0.008961999296501317,0.013130968840583783
189,0.03506928480369013,2.9195985461450453,0.05075937606559803,0.038828160825893215,0.010127134497428532,0.6214042488658688,0.015210232744106055,0.011072293897614067,0.005789256767481951,0.34715893388703606,0.006848344335382508,0.004637041180370511
190,0.2423148679834536,16.63177591501815,0.1379548189360381,0.036390265265653254,0.06215270699372046,3.885938860672585,0.04280954049623139,0.009242641926521638,0.024572688069049504,1.540001817474431,0.018512731772644737,0.0038677027687005314
191,0.11540559107247816,14.041775285213367,0.024564671089735268,0.02668142125438618,0.026380149997317696,2.249042458243575,0.00646143737463276,0.008267116761794632,0.009866829480099953,0.8583427884446508,0.0028203249451509106,0.003988988730052666
192,1.4021054306590923,32.420111924876785,0.2879637992058208,0.11591671437163631,0.5515044251660971,9.966429384656806,0.14358122854940975,0.029197082173648668,0.29481841467237474,5.1795488157965215,0.07552685467911367,0.011817223351386227
193,1.798053009150669,69.21918362945175,2.6771160299875616,0.07961582726687548,0.4441295165698629,17.421647996599894,1.1555347388882413,0.020492270926848032,0.18705585412245657,7.632121614880319,0.5489107159361241,0.008900077313577904
194,0.12878031957899133,6.183554141058858,0.05413032426268863,0.16070049889097415,0.03698667990151538,1.9032468977999897,0.02085631208168026,0.03241351692742114,0.016144758521565362,0.837019182237096,0.010026876698165429,0.011964432531511257
195,0.8323867550651076,64.68642085771525,0.24093385950976154,0.2832283523750919,0.2445715974394107,15.33395235659227,0.07371681447320752,0.06911878115533755,0.10436223438933522,6.299845637267655,0.03217129342375843,0.026035715375478583
196,0.10944636392235187,8.80900310404346,0.37548694063637683,0.03376340815135762,0.035200339828219365,1.8066834621881054,0.1168428008028958,0.008283484149588747,0.015813194610855386,0.7722035583369045,0.05102809353723676,0.0037468373114285395
197,0.05015131834966452,7.587486601497156,0.029409056785935573,0.14013249881250311,0.012688638416165115,1.4124597234769456,0.010993325836908993,0.04101258381077887,0.005574830820626237,0.6262703825641791,0.006507997339318668,0.017287910407018235
199,0.07664087797598956,5.28585806408468,0.04066087050741788,0.3907401775139795,0.021247107862450463,0.8491184026911093,0.012295380712696409,0.1261362362176188,0.009171497702938625,0.3343270169030358,0.0058155515898921485,0.059032308024949236
200,0.03733104389430995,3.4204892429230207,0.17084337301960184,0.11622897490515105,0.010831755372107149,0.5917475750785762,0.09607758738629073,0.030306799705134998,0.005152288119639845,0.2483980787778749,0.04948198549582583,0.011046578630700618
201,0.046537097747676656,7.821289606366077,0.0752673225012583,0.18229455707706377,0.010194213214754772,1.6847137004291917,0.019217797112042887,0.05240984249707401,0.003937534623353698,0.639774396937111,0.009318286135960216,0.022252340611489518
202,0.05151516681286675,7.754448698642005,0.43291027525798476,0.09104195123403722,0.01398774432093118,1.6478402233648108,0.26507941892699927,0.026594099576942833,0.006512686940411372,0.7968288713755045,0.18652350383440178,0.011503988569399467
203,0.00012427647303716205,0.02254329895428438,0.13066837734425205,0.08802873516351599,3.335520886728739e-05,0.005779120006106752,0.06749775021814107,0.025360435825897712,2.228709418014246e-05,0.004378963951855884,0.030369515459325924,0.010560128395818142
204,0.12533356861637943,3.9392755869995124,0.8128438517390548,0.14500014378055556,0.029485538832063063,1.349083921502243,0.23573800216891042,0.04147680333451458,0.010379084799144025,0.6236611916417413,0.08958441227277485,0.017308056036734746
205,0.29270045997393324,20.91828510397751,0.01666002797519274,0.1412304841626863,0.11466903330163404,3.414866573568056,0.0044470302651057605,0.050329941054373696,0.05316253768620022,1.2572852683400226,0.0020365411504677843,0.01994982647042474
206,0.005982980159975803,0.4101814285813485,0.015291251853956734,0.14659900321063177,0.0013224157014891747,0.09906454597745211,0.004927510847989083,0.05017328507634425,0.0005717195363624987,0.050720848673085954,0.0023741111874360696,0.021136784784910736
207,0.03571368327698393,5.58915664153169,0.11166298079261486,0.09574753162001182,0.010807309169845543,1.2075502766940374,0.03504314506962333,0.024847820954859334,0.004933440021531631,0.5244006159432414,0.01525588697623999,0.010877343098725544
208,0.02857390002757913,4.472341998839443,0.017577589226215894,0.008938566860756449,0.006675634749218831,0.6207612644472121,0.00542046918813797,0.0018601886376035863,0.0024130611136126867,0.200790764253207,0.0028332915271697206,0.0009433992099261033
209,0.018396012221764232,2.1353146699165646,0.012841498335612368,0.060728479416266565,0.005706737134483056,0.428286271382603,0.002604072532050144,0.016293454087334538,0.002641852468827606,0.18748700892886205,0.0008714303511969654,0.006892274337872066
210,0.0866763658893087,8.14438480864399,0.3459703869065186,0.05298883457623227,0.01983251167836554,1.9635895021792122,0.09323494187477925,0.012785715874007371,0.007934371925509123,0.8060664989152301,0.039566366975800266,0.006732007987143043
211,0.037759715690819436,5.517690064551836,0.0434665699535505,0.05412096059452744,0.008294841751363006,0.7511520840075945,0.011876564573627395,0.014836775553483617,0.0029608995251329015,0.2554433152686811,0.005378926547543368,0.005996623281945894
212,0.21312124639909164,31.376072239811812,0.014050157963942163,0.08020579554665208,0.05661287418744435,5.883035339038183,0.003859165181630595,0.02125122778026612,0.02384535673088722,2.2868177321552556,0.0017299753424812202,0.008688523358655042
213,0.04708129291097424,9.34935745520963,0.10087254142811455,0.0025244776217201678,0.012181892472189178,1.136848293193069,0.02975465533346488,0.0007880031898538761,0.004755946482278757,0.39110581411335377,0.012889724516430329,0.0004568625581159337
214,0.11314604423196467,5.2749641087889385,0.024462797152662055,0.14137723155185583,0.041860087348852305,1.0367756313428482,0.010831547270530845,0.04326057927094994,0.022099096869838027,0.4345061839720314,0.0060506972480648714,0.019096723518281768
215,0.004792655756097999,0.8082742497536086,0.04526490799695764,0.021814714259084142,0.0013898106828713406,0.13086119450421216,0.009341859354703153,0.006219939001470666,0.0006345494089406699,0.05536327775807751,0.003666645385715013,0.002987983797463709
216,0.1554153266468889,2.5384205778500384,0.05524582143079021,0.02264422610038434,0.04296213313675357,1.0336733188865175,0.02350202315142106,0.009064560805713641,0.019085044108002557,0.5667884511696087,0.014260442675312516,0.005020614666677911
217,0.06371169649166375,3.4285868907014665,0.5005545701170053,0.17328369822677642,0.021968098773209578,1.3071659702112544,0.13528876531794437,0.04154832331921772,0.015135243765807051,1.007720185427417,0.056439165767102686,0.015879558221344736
218,0.11732400697161018,13.083693017917051,0.07404735122899667,0.1877828096411546,0.027845367632590146,2.804979448623274,0.020187918175403073,0.05098387434141237,0.011931980141525269,1.1746143214613358,0.008969864554278418,0.021908080452809744
219,0.06435044720765516,7.773938530488294,0.07962713002494833,0.013847549179261792,0.01815622188742398,2.130780447972423,0.019569763160332574,0.0034897460729103624,0.0081062577293899,0.9916652442925357,0.008634640149866906,0.0014028725375835225
220,0.051259920926960065,6.7029292877147295,0.03780603655533997,0.19215713083888483,0.01183637314095911,1.7153218592969264,0.008064057126724491,0.046910951392447324,0.004829881463174105,0.7800776078185138,0.003112695292321063,0.019273915633279685
221,0.22711047110564272,35.140168934115756,0.4707057775268267,0.008816310673520818,0.052587765655133595,10.142828748399655,0.11406468452743376,0.0024026842257457745,0.021039083104074284,4.5213363787639445,0.04627060185494206,0.0012683133297017744
222,0.004047855591866483,0.7914655876083468,0.10240876129047771,0.03682594747065449,0.0008741377825871714,0.10785218007381216,0.026346921166439902,0.008654945638467434,0.0003826471199306246,0.04710956162891947,0.010853078932671517,0.0032754867774439284
223,0.006835427768295944,1.1195344408756815,0.06792381685146621,0.01207223878896568,0.00160946896190841,0.13753379592802026,0.018448183082643958,0.0028065095849088605,0.000778940816443806,0.06164764178950137,0.009125761211021065,0.0013553339198670812
224,0.009719788092256718,1.3850803710510184,0.06338148529143833,0.03250214657296871,0.0023134972496504772,0.18554297684536328,0.02013763755562833,0.0086099142414472,0.0009343514646352094,0.06945957049461064,0.00845554853567254,0.003742747649497961
225,0.0699994751498018,5.693045596197083,0.2894436551352961,0.05349409745474698,0.017241558234114225,1.417660963336089,0.07148311242771808,0.014052623982066338,0.0071677552131114855,0.639157748177179,0.028903604487386977,0.006126371512666736
226,0.01432604299889539,2.383439330240067,0.013504840602833395,0.0968489415246001,0.003443341866250052,0.6307283170983923,0.0027683429644878126,0.02462111921668402,0.0014020242998586702,0.29163120608252713,0.001011238613055668,0.010358066273502362
227,0.0236172125102095,5.576388087551847,0.06755831542762016,0.16594397227367777,0.005757078644344873,0.7647964657126329,0.018769127197393824,0.04910769510243202,0.002336425680227485,0.28835044890767314,0.00836512644123185,0.021134520008362787
228,0.06466788278681462,9.16820782264909,0.051296516872359386,0.13092182797621624,0.015170153583211755,1.4528291730886556,0.014790596110009697,0.02907951606039094,0.0061471891000974355,0.5889491701321788,0.0072691043141120525,0.012175799656365078
229,0.3775401713957701,24.85569534309606,0.10915190598860765,0.020592096822078795,0.14735482202268815,4.389892048877839,0.02923519381822728,0.005487823718160183,0.07302315069135921,1.774449972933611,0.011723474262908012,0.002377858277711177
230,0.353523951783423,38.71945657990352,0.20070879920925844,0.4644225508979326,0.09185401589972175,9.359161393208272,0.06602763599645585,0.11875514660805243,0.03897807825912748,3.941931750979455,0.030991378817250306,0.05256846479398443
231,0.009606123561879888,1.7586242469759321,0.04064058422647321,0.005399325179905866,0.00268651099258647,0.2943308473073305,0.010121731927673946,0.001261468790144245,0.0013135459931599694,0.1297902765592339,0.0039012140926719904,0.0006968541250025549
232,0.03577419460114193,5.183526496803654,0.3858880043995513,0.04815786630252165,0.009046669199157137,0.8171653835375265,0.10488091965859477,0.011661069859447893,0.004088719454468011,0.3625187483367238,0.04750318321407549,0.004789102794402972
233,0.31130219936500536,13.309870499595023,0.016763340756962643,0.018673079966208945,0.09467475905416724,3.0858387665509546,0.004868828361363568,0.006569820594161263,0.04474776955602444,1.4446921598363014,0.002846484655583327,0.003440542580101379
234,0.003890615492153849,0.3722423101315206,0.2556951894084619,0.26184448749508743,0.001197413617729381,0.05356006974952085,0.08085938717094415,0.07054714510149322,0.0006825550393973941,0.02986380378922729,0.03461906127526956,0.029711713680788076
236,0.09341559318285732,11.293910357489834,0.02743674102431647,0.052656957800049906,0.02108406517107658,2.177072784753063,0.007324410131976604,0.014173516851476272,0.008384914407067625,0.8785125561374537,0.0036388280337255785,0.006252315734782092
237,0.014534271917779742,1.9371833439124018,0.06097891648034281,0.4917294586426685,0.0043470798787904625,0.41754165207459076,0.01394751882816294,0.14792140152747363,0.0020193797604732607,0.19388085823129222,0.005616750641413404,0.0624706398564377
238,0.0040591838263868175,0.8006544136268049,0.02300985148182579,0.1323863030150191,0.0010089666366140788,0.12401652657998516,0.004916539712330555,0.039043263284283446,0.0004749266890129585,0.05750017576215216,0.0019959748520272116,0.016558075431568828
239,0.06375292661556259,7.503698960796584,0.1750908860498428,0.11144668682108462,0.01802984842901431,2.60426318709248,0.051607523053133014,0.031066880061569598,0.007455042533014948,1.0897918082433884,0.022904597565824244,0.012962646709986104
241,0.011606611256060223,1.4040928438889435,0.020404123899978754,0.13919169042389393,0.004293797168476813,0.4653094787560026,0.005149716910205513,0.03504559665720428,0.0029353197161640985,0.3409799189509359,0.002838407403250422,0.015451014693207643
242,0.04457406228308044,5.996753645719758,0.05585983520914485,0.09006992052349364,0.010589099249694376,1.0050370080960658,0.012326075903247247,0.027623012257288023,0.004751287930831951,0.46125734550377206,0.005116860348697939,0.011621264028650356
244,0.08300217123708718,8.1686869659474,0.025853334310856974,0.08646939342152461,0.02450734106266164,1.1525334708919384,0.010022277637387868,0.02248341260568143,0.010054885753465732,0.42027682249208687,0.005250634768837949,0.009176227727377627
246,0.2734846283974807,11.208929518108478,0.09064187495941539,0.026098206116669805,0.06720604368844904,3.824520726031883,0.038264814209127834,0.00872011351398819,0.02913767265699593,2.09891026924397,0.019886900236513644,0.004494954959230866
247,0.008614033596547532,1.4335113558269574,0.03182171202983336,0.0612312533472592,0.0021050539600267794,0.3202998909747684,0.008075590463313204,0.017457337591155236,0.0008947217118732636,0.1462739169031606,0.002987748729488056,0.007469304545719841
248,0.007332409212269578,1.0019532351732185,0.06845336181820653,0.03371774676150747,0.0015480259174258484,0.17244448510380903,0.015209307902852683,0.009956679824395335,0.0006671089056760486,0.07863210496701181,0.005910878247605244,0.005005464482901754
249,0.008643470400663295,1.640709247027178,0.04973728202748013,0.04999494636157424,0.0018725877482958092,0.30510201326787445,0.016749919367474095,0.014723980042500204,0.00066061280544405,0.10218362774158435,0.007212076153248558,0.006293480271828245
250,0.010377166825230242,2.325121766974389,0.08312276108137973,0.011688765805486029,0.0023088049611336282,0.4223520878626445,0.027868028720005617,0.0025771042146116615,0.0009228703203778868,0.16279999191721065,0.012103618760363389,0.0009868649082465039
251,0.18785013891770122,25.138890144014404,0.025298000386661353,0.07012107480545013,0.061119507117794694,5.2751890733137845,0.0066940146940127065,0.02012856384985529,0.02762303974531506,2.229744403654583,0.003181352676383501,0.009012689988579042
252,0.0732531085184393,5.745175631983391,0.19327267675923782,0.05652007677010293,0.02277306761741581,1.0661577408243583,0.05350864332391248,0.01680163161092518,0.010391273503747673,0.44049736142947304,0.02391575590228403,0.008149828358995642
253,0.013031565180911815,4.085427502328884,0.6181398726170108,0.029735359508884618,0.0027889761785094658,0.6544442127660485,0.1664377348911566,0.0073775365201469364,0.0011181955421073466,0.26873801142183684,0.06820898956990583,0.0030422193824983634
254,0.4380724423599233,53.33052055114353,0.575164156655465,0.521630075759265,0.11630977379615695,16.267571016116495,0.2013433491797935,0.14921583043904788,0.05086635937809696,7.732822841190791,0.09124186098949222,0.06319576942731982
255,0.13462207116616048,14.33423733740384,0.2858019336083023,0.37866314647847443,0.030606004658331146,2.423290662457876,0.07170051734463169,0.10502085233585932,0.011638135943835016,0.9267913841979365,0.027459836817281185,0.045817157293323266
256,0.28436024422837514,42.30988998534833,0.10261621633369994,0.016229325344647536,0.08643016627914943,8.866567777055899,0.03506022366386986,0.005431097902203787,0.03809141140670071,3.741067743317675,0.016804012810180496,0.002533522931217291
257,0.02405968038920855,3.0470256117991927,0.06433407871805684,0.049728385078624926,0.007046846153495529,0.6062655929590901,0.022035769761152468,0.014165474007433834,0.002942517100607506,0.24045522101095154,0.010054987900956231,0.0060493118296244845
258,0.035561101678641974,5.32905875993132,0.03555894514148925,0.03236407107461284,0.008686025669997226,1.0931901772237766,0.009993686268579629,0.008999989102558012,0.003508836706391318,0.45524669660109507,0.004727725188306126,0.004234539150468738
259,0.14667384995387409,11.938458503739305,0.03409879909903452,0.043591390208499135,0.04187470297901988,2.9316645494587283,0.008964914855477872,0.014583742227936519,0.018267435595204478,1.2261566829195136,0.0038172669951505142,0.0066218791365384045
260,0.036265027469987485,6.642078517569897,0.07648412681944232,0.07232775465104067,0.008086719489085592,1.2991345212490604,0.02092686811728219,0.021314669043768185,0.0031946525830931745,0.5275888971216098,0.00892198340978501,0.009690489972326334
261,0.0038732500783886523,2.9379866780890715,0.0025834000582779662,0.024659090784544303,0.0008609776494641417,0.42317891778235994,0.0007286813032915542,0.005389132760723432,0.0003494461577925135,0.16586934099801798,0.0004314660911892137,0.0021070948548830132
264,0.005827846112698101,0.3443266354792141,0.009949145529727501,0.0306248846910283,0.0023875186497006764,0.08884056200127073,0.00201270855132979,0.006666457048092612,0.0012099712491658633,0.05758555060733888,0.0007792675765004536,0.002462127990478239
265,0.1343732098665176,4.696487522735108,0.11430510043369753,0.1793673029949254,0.03666498358595234,1.774656297958681,0.04410796415560597,0.10117580733705585,0.014623539267352742,0.7293514434646582,0.01952747927011993,0.04984334624143232
266,0.31769037243717374,22.749398848796197,0.19213002056862302,0.34863470953837206,0.08743751173802367,3.990199086163009,0.069075208264215,0.08686700547834085,0.03595239999321006,1.6278682584950455,0.0290388287578527,0.035147567300520974
267,0.07590765041942457,4.772548391729496,0.12361081992872895,0.13211279313301594,0.022858490344594536,1.7022190147074348,0.02953712593410591,0.04744515825896577,0.009733575292065162,0.7432946024179663,0.011027189299184831,0.018680069947263782
268,0.17658398512830778,25.564913671763648,0.14384654327484844,0.09188811186520335,0.03935512042167926,4.989602462270601,0.03324950798757538,0.018673851144471412,0.015630356856694942,2.0306539873325344,0.0128779670135728,0.0069681268386645335
269,0.057397023214198935,8.425962993501859,0.04678238745632946,0.0506514193268085,0.015951295608947858,1.3477934685962516,0.012292174557808691,0.012348584905190755,0.006778209469135618,0.5429564890490455,0.005185419569859652,0.005192259775361149
270,0.0036606906278610738,0.42822499372451034,0.008391929674561354,0.009954704105331766,0.0013630052971961117,0.06212170566549321,0.0019929328380636976,0.0027242645154450136,0.0006027416410639433,0.023295955823529026,0.0007844178231323853,0.001461712222403942
271,0.03178386022661874,3.8307798368745227,0.06325217449199469,0.05842662949236921,0.008050714403223155,0.6408847716160398,0.022233186109595026,0.01779572107759641,0.0034298477494548434,0.256584479284774,0.01220235678453796,0.0079026948053168
272,0.004965808840536481,1.8721868833745163,0.005561500748136562,0.01425849900583468,0.0013575436743647465,0.3008963989796087,0.0012387185958457132,0.003035113914739189,0.0005814588910926984,0.11561428346696237,0.0004938571834023909,0.0012015487822221401
273,0.03541985323791034,3.1337133718517394,0.15895010855044703,0.1770049689023891,0.010471024282276361,0.6032979379084003,0.051284293411972846,0.042299575588752754,0.004645657624150632,0.2549816012863939,0.022395037593863156,0.018104008461249443
275,0.026995351831638374,2.541554066200024,0.01206071126473352,0.02883173788714111,0.009282299611583472,0.5440476139596536,0.003491482303103229,0.006650928537633456,0.004677218403835702,0.26125706033479695,0.0018253760846263186,0.002662539655519729
277,0.07398891258990198,6.22161755366034,0.11448389849377039,0.0472098355909738,0.030342260561127602,0.9906597549333317,0.049573114971682666,0.012289785729280881,0.013929754149043981,0.3620374166464799,0.023705221492574532,0.004729883403062572
278,0.11501275875126205,6.333925441649221,0.18442494058214726,0.08967346561155336,0.047488680193835224,1.3077938121553843,0.12651323088928593,0.0326902924044714,0.02223017612993756,0.5662890238544388,0.09195361523985555,0.013329980735678336
279,0.028454747195204657,7.612040557150029,0.021341188117009354,0.009787537559977707,0.007497795964631404,1.7115640352375179,0.006909089034855835,0.0023658544692155463,0.0032256253767958872,0.7495585099155038,0.0030175746571069265,0.0013482250258209998
280,0.06483206879422311,10.267888339963823,0.036986156318121965,0.030042069920657378,0.01603892390147666,1.5271224233661913,0.009810600683436414,0.008424127924560784,0.0065376602576004365,0.5623420695532544,0.003967390240974566,0.004633966823598289
281,0.09877676284025476,12.621050824920953,0.010644076815188195,0.04917744304993353,0.023482418044673964,2.2187837732020945,0.003388370476501089,0.014051578760591984,0.010181906782940243,1.0171728162016926,0.001711940200561713,0.006392084104485255
282,0.00603083283110659,0.9722462166186534,0.01294074594824959,0.007430844215030217,0.001709300049198463,0.19079971571990742,0.0038215043290271873,0.0015664635417715217,0.0008531020155176999,0.08789143594276362,0.002009242916894517,0.0006783388872928352
283,0.14484192450892927,11.859574506435804,0.3467074896368358,0.04360612948707365,0.037074069027274656,1.9334077476164635,0.0955414796848928,0.010133789200758045,0.014873536149850233,0.7363023320197305,0.04078120101021548,0.004804869327425133
284,0.34602624201559146,28.741435777704663,0.08847180020076735,0.10268665615914524,0.11190281380622306,6.051928175250024,0.023804673755716,0.024454580716142614,0.049873804189667546,2.547951698131206,0.010310430616033102,0.009824319532300112
285,0.008375437401615836,0.7748665114358511,0.04572168120118437,0.08227501585111531,0.0020634702177925422,0.1336888256532934,0.016885614615991387,0.020352654491008877,0.0009372127695153618,0.06074320981644983,0.009193141911892801,0.008522690819060595
286,0.10237904141551869,10.273852300224878,0.11673007492831909,0.010132089949169983,0.02917847506071555,1.3166541821176605,0.029238312289797792,0.0025244848098434788,0.011999381355298228,0.457661470387029,0.01131299350132642,0.0011238853715530015
287,0.05176792651232006,6.2581919606822645,0.24294228917871385,0.10990554489149904,0.01277415356063816,1.3989069826688298,0.05912868849216803,0.03278264302591374,0.006910270239822416,0.8473524875734977,0.025694300209059617,0.014086292262374504
288,0.04588092752321662,6.035731034666808,0.17333175378152577,0.04576876011014292,0.010128907684356309,1.2896233206977876,0.038672470042469,0.013661201899642232,0.0033221075178686233,0.4301152641467763,0.015263602582900245,0.005877334929413964
289,0.12080705069672772,16.640439110952116,0.03754826111580613,0.20693684161924572,0.03208190317203466,3.6744931826079035,0.009573654813872689,0.04913140422417119,0.014236654424602684,1.6709859454573104,0.005256614769372679,0.020584347292179422
291,0.0011508407126143484,0.2688369346514219,0.06879410319351184,0.0029953244489926536,0.0004271729341071817,0.03999707612359275,0.019956642445652307,0.0008249810106241961,0.0002979614491214765,0.027888225881726625,0.008730992333887598,0.0005229941676698499
292,0.19770342867164473,10.932976098923389,0.15219558390095303,0.08113752892991176,0.06391552489543155,2.3908712706306585,0.05113084798186851,0.02655284167658026,0.027127750300333646,0.96827827646226,0.02219793055577437,0.012035202205821511
293,0.03778023107918397,2.072014056103652,0.13065687945709176,0.19467824113086277,0.012082441307786617,0.5187495414945317,0.049461893729583525,0.05363627721452092,0.005379247547471562,0.21978061037660138,0.02293074685592438,0.021048073922884786
294,0.11491316557829316,3.8745102870029617,0.3486870243020839,1.2307952116130843,0.041952758117418984,1.1881883258575028,0.11836410446159129,0.29326723027168194,0.019056323254161286,0.6784104438220885,0.059713538998529686,0.11266009923258877
295,0.07413522776894509,6.7205870502320675,0.14229409966575393,0.344297557132879,0.021916874220597966,0.9541039901400337,0.05175721920972415,0.10763405597132747,0.009622850985750555,0.36088746534339633,0.023840040746034557,0.04966201280102596
296,0.15437381686797755,12.764746115681348,0.983670857217299,1.6261980325160137,0.05477904596036114,2.0694166544852997,0.3115188117547338,0.4757315551067873,0.02517219234329521,0.8478229599871356,0.14907196457576208,0.2079079113090027
297,0.23897974761018995,22.728286493943088,0.02540310860400168,0.47829626888366567,0.06136904837697055,3.7485506065432914,0.010251250050091979,0.13950303665282293,0.023871953814987714,1.3377629760188603,0.0062230306104401195,0.05877680583925975
298,0.015308118751976001,2.364131514531838,0.341876906057976,0.14591886266878615,0.00387361182722289,0.34962661241384924,0.1044167531799614,0.03390220221909294,0.0016205131447957436,0.13140606128819754,0.04339730122645112,0.013569461244087254
299,0.33963249153088043,27.794767370260402,0.2134499546644816,0.17496865688569868,0.1122072130661803,6.7329775067618005,0.07146458996485074,0.05896547098875116,0.0489770694039056,2.632480126552812,0.03602054721689381,0.025441208888696946
300,1.0775721110386711,15.716055115359287,0.43180640672752185,0.30270968224147266,0.29534293746519535,7.091499722197924,0.14441024304361477,0.07283505542480603,0.11451828174301557,3.837854620288731,0.05548500201985544,0.03245936309483384
301,0.017627614802703705,1.3958373382258389,0.1049010594388696,0.07596487543833803,0.006001476410664647,0.1938967228408402,0.05966334637677503,0.022713832782455493,0.0022592082874858693,0.06376804803056965,0.030617600435191534,0.009814406544675976
302,0.009525465676917514,0.18007871515269355,0.06231044664381996,0.05232976641856646,0.004444598938128461,0.08249351213928845,0.022022338774856143,0.012090108134223109,0.002144084723559561,0.05141194137929456,0.00928231615239711,0.00566604983597136
